Country Code,Series Code,Year,Value
IDN,BX.KLT.DINV.CD.WD,1970,145380000.0
IDN,BX.KLT.DINV.CD.WD,1971,299069999.9
IDN,BX.KLT.DINV.CD.WD,1972,253520000.0
IDN,BX.KLT.DINV.CD.WD,1973,581000000.0
IDN,BX.KLT.DINV.CD.WD,1974,182120000.0
IDN,BX.KLT.DINV.CD.WD,1975,1292059999.9
IDN,BX.KLT.DINV.CD.WD,1976,747590000.0
IDN,BX.KLT.DINV.CD.WD,1977,235000000.0
IDN,BX.KLT.DINV.CD.WD,1978,417709999.9
IDN,BX.KLT.DINV.CD.WD,1979,226000000.0
IDN,BX.KLT.DINV.CD.WD,1980,180000000.0
IDN,BX.KLT.DINV.CD.WD,1981,133000000.0
IDN,BX.KLT.DINV.CD.WD,1982,225000000.0
IDN,BX.KLT.DINV.CD.WD,1983,292000000.0
IDN,BX.KLT.DINV.CD.WD,1984,222000000.0
IDN,BX.KLT.DINV.CD.WD,1985,310000000.0
IDN,BX.KLT.DINV.CD.WD,1986,258000000.0
IDN,BX.KLT.DINV.CD.WD,1987,385000000.0
IDN,BX.KLT.DINV.CD.WD,1988,576000000.0
IDN,BX.KLT.DINV.CD.WD,1989,682000000.0
IDN,BX.KLT.DINV.CD.WD,1990,1093000000.0
IDN,BX.KLT.DINV.CD.WD,1991,1482000000.0
IDN,BX.KLT.DINV.CD.WD,1992,1777000000.0
IDN,BX.KLT.DINV.CD.WD,1993,2004000000.0
IDN,BX.KLT.DINV.CD.WD,1994,2109000000.0
IDN,BX.KLT.DINV.CD.WD,1995,4346000000.0
IDN,BX.KLT.DINV.CD.WD,1996,6194000000.0
IDN,BX.KLT.DINV.CD.WD,1997,4677000000.0
IDN,BX.KLT.DINV.CD.WD,1998,-240800000.0
IDN,BX.KLT.DINV.CD.WD,1999,-1865620963.49087
IDN,BX.KLT.DINV.CD.WD,2000,-4550355285.71428
IDN,BX.KLT.DINV.CD.WD,2001,-2977391857.14286
IDN,BX.KLT.DINV.CD.WD,2002,145085548.722222
IDN,BX.KLT.DINV.CD.WD,2003,-596923827.786241
IDN,BX.KLT.DINV.CD.WD,2004,1896082770.0
IDN,BX.KLT.DINV.CD.WD,2005,8336257207.64285
IDN,BX.KLT.DINV.CD.WD,2006,4914201435.40071
IDN,BX.KLT.DINV.CD.WD,2007,6928480000.0
IDN,BX.KLT.DINV.CD.WD,2008,9318453649.82664
IDN,BX.KLT.DINV.CD.WD,2009,4877369178.43651
IDN,BX.KLT.DINV.CD.WD,2010,15292009410.5099
IDN,BX.KLT.DINV.CD.WD,2011,20564938226.7185
IDN,BX.KLT.DINV.CD.WD,2012,21200778607.8727
IDN,BX.KLT.DINV.CD.WD,2013,23281742361.5305
IDN,BX.KLT.DINV.CD.WD,2014,25120732059.5134
IDN,BX.KLT.DINV.CD.WD,2015,19779127976.9576
IDN,BX.KLT.DINV.CD.WD,2016,4541713739.23769
IDN,BX.KLT.DINV.CD.WD,2017,20510310832.4469
IDN,BX.KLT.DINV.CD.WD,2018,18909826043.5105
IDN,BX.KLT.DINV.CD.WD,2019,24993551748.0098
IDN,BX.KLT.DINV.CD.WD,2020,19175077747.8077
IDN,BX.KLT.DINV.CD.WD,2021,21213080329.8583
IDN,BX.KLT.DINV.CD.WD,2022,21428338421.8205
IDN,FP.CPI.TOTL.ZG,1960,39.5904436860068
IDN,FP.CPI.TOTL.ZG,1961,13.6919315403424
IDN,FP.CPI.TOTL.ZG,1962,131.397849462365
IDN,FP.CPI.TOTL.ZG,1963,145.910780669145
IDN,FP.CPI.TOTL.ZG,1964,108.994708994709
IDN,FP.CPI.TOTL.ZG,1965,306.763110307415
IDN,FP.CPI.TOTL.ZG,1966,1136.2541122077
IDN,FP.CPI.TOTL.ZG,1967,106.0
IDN,FP.CPI.TOTL.ZG,1968,128.843042071197
IDN,FP.CPI.TOTL.ZG,1969,15.4798702151618
IDN,FP.CPI.TOTL.ZG,1970,12.3994646487815
IDN,FP.CPI.TOTL.ZG,1971,4.23374894488334
IDN,FP.CPI.TOTL.ZG,1972,6.5217492128302
IDN,FP.CPI.TOTL.ZG,1973,31.0418812711131
IDN,FP.CPI.TOTL.ZG,1974,40.4917904384715
IDN,FP.CPI.TOTL.ZG,1975,19.1656971335588
IDN,FP.CPI.TOTL.ZG,1976,19.8286536956641
IDN,FP.CPI.TOTL.ZG,1977,11.0520897946254
IDN,FP.CPI.TOTL.ZG,1978,8.11258259525912
IDN,FP.CPI.TOTL.ZG,1979,16.2327657550178
IDN,FP.CPI.TOTL.ZG,1980,18.0354301616893
IDN,FP.CPI.TOTL.ZG,1981,12.2659085141911
IDN,FP.CPI.TOTL.ZG,1982,9.44542395353453
IDN,FP.CPI.TOTL.ZG,1983,11.7997405215176
IDN,FP.CPI.TOTL.ZG,1984,10.45503482319
IDN,FP.CPI.TOTL.ZG,1985,4.72453615680209
IDN,FP.CPI.TOTL.ZG,1986,5.82266696175201
IDN,FP.CPI.TOTL.ZG,1987,9.2786561316159
IDN,FP.CPI.TOTL.ZG,1988,8.04536715123097
IDN,FP.CPI.TOTL.ZG,1989,6.41553963494968
IDN,FP.CPI.TOTL.ZG,1990,7.81919144730541
IDN,FP.CPI.TOTL.ZG,1991,9.41905827724153
IDN,FP.CPI.TOTL.ZG,1992,7.52351717022744
IDN,FP.CPI.TOTL.ZG,1993,9.67189338180124
IDN,FP.CPI.TOTL.ZG,1994,8.53200525418844
IDN,FP.CPI.TOTL.ZG,1995,9.42032321644617
IDN,FP.CPI.TOTL.ZG,1996,7.97328085611421
IDN,FP.CPI.TOTL.ZG,1997,6.22614163387585
IDN,FP.CPI.TOTL.ZG,1998,58.4510444723946
IDN,FP.CPI.TOTL.ZG,1999,20.4778311126401
IDN,FP.CPI.TOTL.ZG,2000,3.68861915958351
IDN,FP.CPI.TOTL.ZG,2001,11.5001148791768
IDN,FP.CPI.TOTL.ZG,2002,11.9001175663779
IDN,FP.CPI.TOTL.ZG,2003,6.7573171936285
IDN,FP.CPI.TOTL.ZG,2004,6.06405988526519
IDN,FP.CPI.TOTL.ZG,2005,10.4531984193865
IDN,FP.CPI.TOTL.ZG,2006,13.1086720985297
IDN,FP.CPI.TOTL.ZG,2007,6.40656281325702
IDN,FP.CPI.TOTL.ZG,2008,10.2266645473148
IDN,FP.CPI.TOTL.ZG,2009,4.38641555014729
IDN,FP.CPI.TOTL.ZG,2010,5.1342040076793
IDN,FP.CPI.TOTL.ZG,2011,5.3560477898215
IDN,FP.CPI.TOTL.ZG,2012,4.27949999641976
IDN,FP.CPI.TOTL.ZG,2013,6.41251330156414
IDN,FP.CPI.TOTL.ZG,2014,6.39492540819922
IDN,FP.CPI.TOTL.ZG,2015,6.36312113115614
IDN,FP.CPI.TOTL.ZG,2016,3.5258051568793
IDN,FP.CPI.TOTL.ZG,2017,3.80879806953163
IDN,FP.CPI.TOTL.ZG,2018,3.19834641562404
IDN,FP.CPI.TOTL.ZG,2019,3.03058664969491
IDN,FP.CPI.TOTL.ZG,2020,1.92096800566845
IDN,FP.CPI.TOTL.ZG,2021,1.56012990525685
IDN,FP.CPI.TOTL.ZG,2022,4.2094638340216
IDN,NE.EXP.GNFS.CD,1967,497382748.744854
IDN,NE.EXP.GNFS.CD,1968,769173673.292719
IDN,NE.EXP.GNFS.CD,1969,751533742.331288
IDN,NE.EXP.GNFS.CD,1970,1175342465.75342
IDN,NE.EXP.GNFS.CD,1971,1345889842.72457
IDN,NE.EXP.GNFS.CD,1972,1816385542.16867
IDN,NE.EXP.GNFS.CD,1973,3263373493.9759
IDN,NE.EXP.GNFS.CD,1974,7482168674.6988
IDN,NE.EXP.GNFS.CD,1975,6868915662.66715
IDN,NE.EXP.GNFS.CD,1976,8264096385.56208
IDN,NE.EXP.GNFS.CD,1977,10760963855.4476
IDN,NE.EXP.GNFS.CD,1978,11251894892.8529
IDN,NE.EXP.GNFS.CD,1979,15453888931.5756
IDN,NE.EXP.GNFS.CD,1980,22088390908.6326
IDN,NE.EXP.GNFS.CD,1981,23629067635.0893
IDN,NE.EXP.GNFS.CD,1982,20176590282.7522
IDN,NE.EXP.GNFS.CD,1983,22488286936.9481
IDN,NE.EXP.GNFS.CD,1984,23177770004.3056
IDN,NE.EXP.GNFS.CD,1985,20279853770.1081
IDN,NE.EXP.GNFS.CD,1986,16387068862.0554
IDN,NE.EXP.GNFS.CD,1987,18661070325.9605
IDN,NE.EXP.GNFS.CD,1988,21110162561.6515
IDN,NE.EXP.GNFS.CD,1989,24640067882.4967
IDN,NE.EXP.GNFS.CD,1990,28982531189.6634
IDN,NE.EXP.GNFS.CD,1991,33063806609.367
IDN,NE.EXP.GNFS.CD,1992,38801726176.401
IDN,NE.EXP.GNFS.CD,1993,42274397859.4989
IDN,NE.EXP.GNFS.CD,1994,46896633113.5023
IDN,NE.EXP.GNFS.CD,1995,53185312942.0389
IDN,NE.EXP.GNFS.CD,1996,58717201041.7111
IDN,NE.EXP.GNFS.CD,1997,60106038403.5787
IDN,NE.EXP.GNFS.CD,1998,50555726234.5501
IDN,NE.EXP.GNFS.CD,1999,49720260589.8075
IDN,NE.EXP.GNFS.CD,2000,67621169165.827
IDN,NE.EXP.GNFS.CD,2001,62625875833.9076
IDN,NE.EXP.GNFS.CD,2002,63956798804.501
IDN,NE.EXP.GNFS.CD,2003,71553141044.9888
IDN,NE.EXP.GNFS.CD,2004,82744351781.0167
IDN,NE.EXP.GNFS.CD,2005,97387627569.3411
IDN,NE.EXP.GNFS.CD,2006,113143425291.916
IDN,NE.EXP.GNFS.CD,2007,127226102177.005
IDN,NE.EXP.GNFS.CD,2008,152090401421.802
IDN,NE.EXP.GNFS.CD,2009,130357798591.185
IDN,NE.EXP.GNFS.CD,2010,183480562954.593
IDN,NE.EXP.GNFS.CD,2011,235095129124.053
IDN,NE.EXP.GNFS.CD,2012,225744403275.759
IDN,NE.EXP.GNFS.CD,2013,218308408827.835
IDN,NE.EXP.GNFS.CD,2014,210820082826.541
IDN,NE.EXP.GNFS.CD,2015,182158298808.724
IDN,NE.EXP.GNFS.CD,2016,177886012744.141
IDN,NE.EXP.GNFS.CD,2017,204924485910.855
IDN,NE.EXP.GNFS.CD,2018,218905647879.148
IDN,NE.EXP.GNFS.CD,2019,208057763665.937
IDN,NE.EXP.GNFS.CD,2020,183546577019.67
IDN,NE.EXP.GNFS.CD,2021,254008548670.859
IDN,NE.EXP.GNFS.CD,2022,323079953652.467
IDN,NY.GDP.MKTP.CD,1967,5667756644.9716
IDN,NY.GDP.MKTP.CD,1968,7076465295.27356
IDN,NY.GDP.MKTP.CD,1969,8337423312.88344
IDN,NY.GDP.MKTP.CD,1970,9150684931.50685
IDN,NY.GDP.MKTP.CD,1971,9333536359.74431
IDN,NY.GDP.MKTP.CD,1972,10997590361.4458
IDN,NY.GDP.MKTP.CD,1973,16273253012.0482
IDN,NY.GDP.MKTP.CD,1974,25802409638.5542
IDN,NY.GDP.MKTP.CD,1975,30463855421.7602
IDN,NY.GDP.MKTP.CD,1976,37269156626.5958
IDN,NY.GDP.MKTP.CD,1977,45808915662.761
IDN,NY.GDP.MKTP.CD,1978,51455719100.27
IDN,NY.GDP.MKTP.CD,1979,51400186379.1873
IDN,NY.GDP.MKTP.CD,1980,72482337370.8551
IDN,NY.GDP.MKTP.CD,1981,85518233450.1818
IDN,NY.GDP.MKTP.CD,1982,90158449307.26
IDN,NY.GDP.MKTP.CD,1983,81052283404.2179
IDN,NY.GDP.MKTP.CD,1984,84853699994.5677
IDN,NY.GDP.MKTP.CD,1985,85289488375.4688
IDN,NY.GDP.MKTP.CD,1986,79954072569.4637
IDN,NY.GDP.MKTP.CD,1987,75929617576.2282
IDN,NY.GDP.MKTP.CD,1988,84300174475.7955
IDN,NY.GDP.MKTP.CD,1989,94451427898.007
IDN,NY.GDP.MKTP.CD,1990,106140727356.675
IDN,NY.GDP.MKTP.CD,1991,116621996217.133
IDN,NY.GDP.MKTP.CD,1992,128026966579.964
IDN,NY.GDP.MKTP.CD,1993,158006700301.533
IDN,NY.GDP.MKTP.CD,1994,176892143931.505
IDN,NY.GDP.MKTP.CD,1995,202132028723.115
IDN,NY.GDP.MKTP.CD,1996,227369679374.973
IDN,NY.GDP.MKTP.CD,1997,215748998609.635
IDN,NY.GDP.MKTP.CD,1998,95445547872.715
IDN,NY.GDP.MKTP.CD,1999,140001351215.462
IDN,NY.GDP.MKTP.CD,2000,165021012077.81
IDN,NY.GDP.MKTP.CD,2001,160446947784.909
IDN,NY.GDP.MKTP.CD,2002,195660611165.183
IDN,NY.GDP.MKTP.CD,2003,234772463823.808
IDN,NY.GDP.MKTP.CD,2004,256836875295.452
IDN,NY.GDP.MKTP.CD,2005,285868619205.904
IDN,NY.GDP.MKTP.CD,2006,364570515631.625
IDN,NY.GDP.MKTP.CD,2007,432216737774.861
IDN,NY.GDP.MKTP.CD,2008,510228634992.258
IDN,NY.GDP.MKTP.CD,2009,539580085612.401
IDN,NY.GDP.MKTP.CD,2010,755094157594.248
IDN,NY.GDP.MKTP.CD,2011,892969104529.233
IDN,NY.GDP.MKTP.CD,2012,917869913365.243
IDN,NY.GDP.MKTP.CD,2013,912524136718.018
IDN,NY.GDP.MKTP.CD,2014,890814755511.291
IDN,NY.GDP.MKTP.CD,2015,860854232717.853
IDN,NY.GDP.MKTP.CD,2016,931877364033.902
IDN,NY.GDP.MKTP.CD,2017,1015618744168.15
IDN,NY.GDP.MKTP.CD,2018,1042271532953.36
IDN,NY.GDP.MKTP.CD,2019,1119099871386.16
IDN,NY.GDP.MKTP.CD,2020,1059054842711.72
IDN,NY.GDP.MKTP.CD,2021,1186505455720.81
IDN,NY.GDP.MKTP.CD,2022,1319100220389.02
IDN,NY.GDP.MKTP.KD.ZG,1961,5.74064582274347
IDN,NY.GDP.MKTP.KD.ZG,1962,1.8419777020647
IDN,NY.GDP.MKTP.KD.ZG,1963,-2.23702998433022
IDN,NY.GDP.MKTP.KD.ZG,1964,3.52969814847717
IDN,NY.GDP.MKTP.KD.ZG,1965,1.08158946665004
IDN,NY.GDP.MKTP.KD.ZG,1966,2.79134682541115
IDN,NY.GDP.MKTP.KD.ZG,1967,1.38040280529586
IDN,NY.GDP.MKTP.KD.ZG,1968,10.9151785723284
IDN,NY.GDP.MKTP.KD.ZG,1969,6.82229824856704
IDN,NY.GDP.MKTP.KD.ZG,1970,7.55463451460639
IDN,NY.GDP.MKTP.KD.ZG,1971,7.02399719674149
IDN,NY.GDP.MKTP.KD.ZG,1972,7.03764320754472
IDN,NY.GDP.MKTP.KD.ZG,1973,8.10397553521128
IDN,NY.GDP.MKTP.KD.ZG,1974,7.23424381726076
IDN,NY.GDP.MKTP.KD.ZG,1975,5.60747663551402
IDN,NY.GDP.MKTP.KD.ZG,1976,7.07964601769913
IDN,NY.GDP.MKTP.KD.ZG,1977,8.26446280991735
IDN,NY.GDP.MKTP.KD.ZG,1978,6.87022900763358
IDN,NY.GDP.MKTP.KD.ZG,1979,7.14285714285714
IDN,NY.GDP.MKTP.KD.ZG,1980,10.0
IDN,NY.GDP.MKTP.KD.ZG,1981,7.87878787878789
IDN,NY.GDP.MKTP.KD.ZG,1982,2.24719101123596
IDN,NY.GDP.MKTP.KD.ZG,1983,4.39560439560441
IDN,NY.GDP.MKTP.KD.ZG,1984,6.84210526315789
IDN,NY.GDP.MKTP.KD.ZG,1985,2.46305418719213
IDN,NY.GDP.MKTP.KD.ZG,1986,5.76923076923077
IDN,NY.GDP.MKTP.KD.ZG,1987,5.0
IDN,NY.GDP.MKTP.KD.ZG,1988,5.62770562770562
IDN,NY.GDP.MKTP.KD.ZG,1989,7.78688524590163
IDN,NY.GDP.MKTP.KD.ZG,1990,7.22433460076046
IDN,NY.GDP.MKTP.KD.ZG,1991,6.77581744104965
IDN,NY.GDP.MKTP.KD.ZG,1992,6.49750651682714
IDN,NY.GDP.MKTP.KD.ZG,1993,6.49640812045304
IDN,NY.GDP.MKTP.KD.ZG,1994,7.53997109551439
IDN,NY.GDP.MKTP.KD.ZG,1995,8.22000739903493
IDN,NY.GDP.MKTP.KD.ZG,1996,7.81818707670867
IDN,NY.GDP.MKTP.KD.ZG,1997,4.69987885390397
IDN,NY.GDP.MKTP.KD.ZG,1998,-13.1267254923818
IDN,NY.GDP.MKTP.KD.ZG,1999,0.79112608199847
IDN,NY.GDP.MKTP.KD.ZG,2000,4.9200677470169
IDN,NY.GDP.MKTP.KD.ZG,2001,3.64346644721492
IDN,NY.GDP.MKTP.KD.ZG,2002,4.49947539085764
IDN,NY.GDP.MKTP.KD.ZG,2003,4.78036912167654
IDN,NY.GDP.MKTP.KD.ZG,2004,5.03087394501685
IDN,NY.GDP.MKTP.KD.ZG,2005,5.69257130383384
IDN,NY.GDP.MKTP.KD.ZG,2006,5.50095178520348
IDN,NY.GDP.MKTP.KD.ZG,2007,6.34502222667214
IDN,NY.GDP.MKTP.KD.ZG,2008,6.01370360009123
IDN,NY.GDP.MKTP.KD.ZG,2009,4.62887118256153
IDN,NY.GDP.MKTP.KD.ZG,2010,6.22385418062366
IDN,NY.GDP.MKTP.KD.ZG,2011,6.16978420771008
IDN,NY.GDP.MKTP.KD.ZG,2012,6.03005065305615
IDN,NY.GDP.MKTP.KD.ZG,2013,5.5572636889101
IDN,NY.GDP.MKTP.KD.ZG,2014,5.006668425755
IDN,NY.GDP.MKTP.KD.ZG,2015,4.87632230022123
IDN,NY.GDP.MKTP.KD.ZG,2016,5.03306918280177
IDN,NY.GDP.MKTP.KD.ZG,2017,5.06978590134916
IDN,NY.GDP.MKTP.KD.ZG,2018,5.17429153955024
IDN,NY.GDP.MKTP.KD.ZG,2019,5.01928768046282
IDN,NY.GDP.MKTP.KD.ZG,2020,-2.06551182934165
IDN,NY.GDP.MKTP.KD.ZG,2021,3.70305535690933
IDN,NY.GDP.MKTP.KD.ZG,2022,5.30859500543608
IDN,SP.POP.TOTL,1960,88382881.0
IDN,SP.POP.TOTL,1961,90816938.0
IDN,SP.POP.TOTL,1962,93345489.0
IDN,SP.POP.TOTL,1963,95962527.0
IDN,SP.POP.TOTL,1964,98675061.0
IDN,SP.POP.TOTL,1965,101157868.0
IDN,SP.POP.TOTL,1966,103561105.0
IDN,SP.POP.TOTL,1967,106260749.0
IDN,SP.POP.TOTL,1968,109138723.0
IDN,SP.POP.TOTL,1969,112149246.0
IDN,SP.POP.TOTL,1970,115228394.0
IDN,SP.POP.TOTL,1971,118347135.0
IDN,SP.POP.TOTL,1972,121504145.0
IDN,SP.POP.TOTL,1973,124709058.0
IDN,SP.POP.TOTL,1974,127945196.0
IDN,SP.POP.TOTL,1975,131213215.0
IDN,SP.POP.TOTL,1976,134521025.0
IDN,SP.POP.TOTL,1977,137861540.0
IDN,SP.POP.TOTL,1978,141250964.0
IDN,SP.POP.TOTL,1979,144693087.0
IDN,SP.POP.TOTL,1980,148177096.0
IDN,SP.POP.TOTL,1981,151686337.0
IDN,SP.POP.TOTL,1982,155228658.0
IDN,SP.POP.TOTL,1983,158790611.0
IDN,SP.POP.TOTL,1984,162331962.0
IDN,SP.POP.TOTL,1985,165791694.0
IDN,SP.POP.TOTL,1986,169135273.0
IDN,SP.POP.TOTL,1987,172421390.0
IDN,SP.POP.TOTL,1988,175694647.0
IDN,SP.POP.TOTL,1989,178949174.0
IDN,SP.POP.TOTL,1990,182159874.0
IDN,SP.POP.TOTL,1991,185361228.0
IDN,SP.POP.TOTL,1992,188558416.0
IDN,SP.POP.TOTL,1993,191737287.0
IDN,SP.POP.TOTL,1994,194928533.0
IDN,SP.POP.TOTL,1995,198140162.0
IDN,SP.POP.TOTL,1996,201373791.0
IDN,SP.POP.TOTL,1997,204628007.0
IDN,SP.POP.TOTL,1998,207855486.0
IDN,SP.POP.TOTL,1999,210996910.0
IDN,SP.POP.TOTL,2000,214072421.0
IDN,SP.POP.TOTL,2001,217112437.0
IDN,SP.POP.TOTL,2002,220115092.0
IDN,SP.POP.TOTL,2003,223080121.0
IDN,SP.POP.TOTL,2004,225938595.0
IDN,SP.POP.TOTL,2005,228805144.0
IDN,SP.POP.TOTL,2006,231797427.0
IDN,SP.POP.TOTL,2007,234858289.0
IDN,SP.POP.TOTL,2008,237936543.0
IDN,SP.POP.TOTL,2009,240981299.0
IDN,SP.POP.TOTL,2010,244016173.0
IDN,SP.POP.TOTL,2011,247099697.0
IDN,SP.POP.TOTL,2012,250222695.0
IDN,SP.POP.TOTL,2013,253275918.0
IDN,SP.POP.TOTL,2014,256229761.0
IDN,SP.POP.TOTL,2015,259091970.0
IDN,SP.POP.TOTL,2016,261850182.0
IDN,SP.POP.TOTL,2017,264498852.0
IDN,SP.POP.TOTL,2018,267066843.0
IDN,SP.POP.TOTL,2019,269582878.0
IDN,SP.POP.TOTL,2020,271857970.0
IDN,SP.POP.TOTL,2021,273753191.0
IDN,SP.POP.TOTL,2022,275501339.0
IND,BX.KLT.DINV.CD.WD,1970,45460000.0
IND,BX.KLT.DINV.CD.WD,1971,47659999.9
IND,BX.KLT.DINV.CD.WD,1972,17789999.9
IND,BX.KLT.DINV.CD.WD,1973,37909999.9
IND,BX.KLT.DINV.CD.WD,1974,56969999.9
IND,BX.KLT.DINV.CD.WD,1975,-10326246.7051639
IND,BX.KLT.DINV.CD.WD,1976,-7706430.54257424
IND,BX.KLT.DINV.CD.WD,1977,-36060000.0
IND,BX.KLT.DINV.CD.WD,1978,18090000.0
IND,BX.KLT.DINV.CD.WD,1979,48570000.0
IND,BX.KLT.DINV.CD.WD,1980,79159999.9
IND,BX.KLT.DINV.CD.WD,1981,91920000.0
IND,BX.KLT.DINV.CD.WD,1982,72079999.9
IND,BX.KLT.DINV.CD.WD,1983,5639999.9
IND,BX.KLT.DINV.CD.WD,1984,19239999.9
IND,BX.KLT.DINV.CD.WD,1985,106090000.0
IND,BX.KLT.DINV.CD.WD,1986,117730000.0
IND,BX.KLT.DINV.CD.WD,1987,212319999.9
IND,BX.KLT.DINV.CD.WD,1988,91250000.0
IND,BX.KLT.DINV.CD.WD,1989,252099999.9
IND,BX.KLT.DINV.CD.WD,1990,236690000.0
IND,BX.KLT.DINV.CD.WD,1991,73537638.3885329
IND,BX.KLT.DINV.CD.WD,1992,276512438.973893
IND,BX.KLT.DINV.CD.WD,1993,550370024.929383
IND,BX.KLT.DINV.CD.WD,1994,973271468.722874
IND,BX.KLT.DINV.CD.WD,1995,2143628110.28392
IND,BX.KLT.DINV.CD.WD,1996,2426057021.91092
IND,BX.KLT.DINV.CD.WD,1997,3577330042.34586
IND,BX.KLT.DINV.CD.WD,1998,2634651657.77141
IND,BX.KLT.DINV.CD.WD,1999,2168591054.37924
IND,BX.KLT.DINV.CD.WD,2000,3584217307.18756
IND,BX.KLT.DINV.CD.WD,2001,5128093561.62688
IND,BX.KLT.DINV.CD.WD,2002,5208967106.27894
IND,BX.KLT.DINV.CD.WD,2003,3681984671.43429
IND,BX.KLT.DINV.CD.WD,2004,5429250989.85717
IND,BX.KLT.DINV.CD.WD,2005,7269407225.61438
IND,BX.KLT.DINV.CD.WD,2006,20029119267.1396
IND,BX.KLT.DINV.CD.WD,2007,25227740886.6819
IND,BX.KLT.DINV.CD.WD,2008,43406277075.8109
IND,BX.KLT.DINV.CD.WD,2009,35581372929.6642
IND,BX.KLT.DINV.CD.WD,2010,27396885033.7839
IND,BX.KLT.DINV.CD.WD,2011,36498654597.8589
IND,BX.KLT.DINV.CD.WD,2012,23995685014.2142
IND,BX.KLT.DINV.CD.WD,2013,28153031270.3203
IND,BX.KLT.DINV.CD.WD,2014,34576643694.1383
IND,BX.KLT.DINV.CD.WD,2015,44009492129.5319
IND,BX.KLT.DINV.CD.WD,2016,44458571545.798
IND,BX.KLT.DINV.CD.WD,2017,39966091358.7384
IND,BX.KLT.DINV.CD.WD,2018,42117450737.2644
IND,BX.KLT.DINV.CD.WD,2019,50610647353.5912
IND,BX.KLT.DINV.CD.WD,2020,64362364994.3754
IND,BX.KLT.DINV.CD.WD,2021,44727277562.881
IND,BX.KLT.DINV.CD.WD,2022,49940258404.266
IND,FP.CPI.TOTL.ZG,1960,1.77987784677379
IND,FP.CPI.TOTL.ZG,1961,1.69521293914439
IND,FP.CPI.TOTL.ZG,1962,3.63221497106987
IND,FP.CPI.TOTL.ZG,1963,2.94616135685227
IND,FP.CPI.TOTL.ZG,1964,13.3552611508153
IND,FP.CPI.TOTL.ZG,1965,9.47475859170697
IND,FP.CPI.TOTL.ZG,1966,10.8018483489341
IND,FP.CPI.TOTL.ZG,1967,13.0622024777969
IND,FP.CPI.TOTL.ZG,1968,3.23741242627508
IND,FP.CPI.TOTL.ZG,1969,-0.584136610466297
IND,FP.CPI.TOTL.ZG,1970,5.09226161997544
IND,FP.CPI.TOTL.ZG,1971,3.07993868406547
IND,FP.CPI.TOTL.ZG,1972,6.44209746158235
IND,FP.CPI.TOTL.ZG,1973,16.9408159791736
IND,FP.CPI.TOTL.ZG,1974,28.598734077509
IND,FP.CPI.TOTL.ZG,1975,5.74843029767432
IND,FP.CPI.TOTL.ZG,1976,-7.63394763392876
IND,FP.CPI.TOTL.ZG,1977,8.30747009171162
IND,FP.CPI.TOTL.ZG,1978,2.52304875695182
IND,FP.CPI.TOTL.ZG,1979,6.27568336762338
IND,FP.CPI.TOTL.ZG,1980,11.3460734795094
IND,FP.CPI.TOTL.ZG,1981,13.112546897642
IND,FP.CPI.TOTL.ZG,1982,7.8907427937749
IND,FP.CPI.TOTL.ZG,1983,11.8680812986734
IND,FP.CPI.TOTL.ZG,1984,8.3189071186007
IND,FP.CPI.TOTL.ZG,1985,5.55642423236555
IND,FP.CPI.TOTL.ZG,1986,8.72972072702588
IND,FP.CPI.TOTL.ZG,1987,8.80112581251833
IND,FP.CPI.TOTL.ZG,1988,9.38347186185332
IND,FP.CPI.TOTL.ZG,1989,7.07428002942298
IND,FP.CPI.TOTL.ZG,1990,8.97123250273256
IND,FP.CPI.TOTL.ZG,1991,13.8702461773683
IND,FP.CPI.TOTL.ZG,1992,11.7878170418135
IND,FP.CPI.TOTL.ZG,1993,6.32689048779867
IND,FP.CPI.TOTL.ZG,1994,10.2479355556119
IND,FP.CPI.TOTL.ZG,1995,10.2248861637545
IND,FP.CPI.TOTL.ZG,1996,8.97715233826453
IND,FP.CPI.TOTL.ZG,1997,7.16425211462723
IND,FP.CPI.TOTL.ZG,1998,13.2308389767977
IND,FP.CPI.TOTL.ZG,1999,4.66982038037589
IND,FP.CPI.TOTL.ZG,2000,4.0094359104519
IND,FP.CPI.TOTL.ZG,2001,3.77929312235641
IND,FP.CPI.TOTL.ZG,2002,4.29715203929562
IND,FP.CPI.TOTL.ZG,2003,3.80585899528852
IND,FP.CPI.TOTL.ZG,2004,3.7672517347751
IND,FP.CPI.TOTL.ZG,2005,4.24634362031927
IND,FP.CPI.TOTL.ZG,2006,5.79652337561635
IND,FP.CPI.TOTL.ZG,2007,6.37288135593229
IND,FP.CPI.TOTL.ZG,2008,8.34926704907581
IND,FP.CPI.TOTL.ZG,2009,10.8823529411765
IND,FP.CPI.TOTL.ZG,2010,11.9893899204243
IND,FP.CPI.TOTL.ZG,2011,8.9117933648337
IND,FP.CPI.TOTL.ZG,2012,9.47899691419793
IND,FP.CPI.TOTL.ZG,2013,10.0178784746103
IND,FP.CPI.TOTL.ZG,2014,6.665656718679
IND,FP.CPI.TOTL.ZG,2015,4.90697344127254
IND,FP.CPI.TOTL.ZG,2016,4.94821634062142
IND,FP.CPI.TOTL.ZG,2017,3.32817337461301
IND,FP.CPI.TOTL.ZG,2018,3.93882646691634
IND,FP.CPI.TOTL.ZG,2019,3.72950573539126
IND,FP.CPI.TOTL.ZG,2020,6.62343677628532
IND,FP.CPI.TOTL.ZG,2021,5.13140747176369
IND,FP.CPI.TOTL.ZG,2022,6.6990341407985
IND,NE.EXP.GNFS.CD,1960,1652701651.39602
IND,NE.EXP.GNFS.CD,1961,1688401687.06785
IND,NE.EXP.GNFS.CD,1962,1757701756.31317
IND,NE.EXP.GNFS.CD,1963,2072702071.06464
IND,NE.EXP.GNFS.CD,1964,2104202102.53978
IND,NE.EXP.GNFS.CD,1965,1969760604.7879
IND,NE.EXP.GNFS.CD,1966,1900000000.0
IND,NE.EXP.GNFS.CD,1967,2022666664.91369
IND,NE.EXP.GNFS.CD,1968,2143999998.14187
IND,NE.EXP.GNFS.CD,1969,2170666664.78542
IND,NE.EXP.GNFS.CD,1970,2361333331.28684
IND,NE.EXP.GNFS.CD,1971,2469914346.66168
IND,NE.EXP.GNFS.CD,1972,2878172457.50653
IND,NE.EXP.GNFS.CD,1973,3599135190.13099
IND,NE.EXP.GNFS.CD,1974,4808415667.78675
IND,NE.EXP.GNFS.CD,1975,5560820024.49904
IND,NE.EXP.GNFS.CD,1976,6868196413.18819
IND,NE.EXP.GNFS.CD,1977,7754701320.13045
IND,NE.EXP.GNFS.CD,1978,8670273695.49852
IND,NE.EXP.GNFS.CD,1979,10326383041.9494
IND,NE.EXP.GNFS.CD,1980,11439539833.7726
IND,NE.EXP.GNFS.CD,1981,11485699436.2159
IND,NE.EXP.GNFS.CD,1982,12009418200.7144
IND,NE.EXP.GNFS.CD,1983,12741335763.116
IND,NE.EXP.GNFS.CD,1984,13330716058.9447
IND,NE.EXP.GNFS.CD,1985,12217447854.9318
IND,NE.EXP.GNFS.CD,1986,12937864153.6838
IND,NE.EXP.GNFS.CD,1987,15638662913.9839
IND,NE.EXP.GNFS.CD,1988,17899838821.0914
IND,NE.EXP.GNFS.CD,1989,20770696527.6145
IND,NE.EXP.GNFS.CD,1990,22639774911.5525
IND,NE.EXP.GNFS.CD,1991,22943398073.2995
IND,NE.EXP.GNFS.CD,1992,25486028725.0423
IND,NE.EXP.GNFS.CD,1993,27466541025.051
IND,NE.EXP.GNFS.CD,1994,32361287610.239
IND,NE.EXP.GNFS.CD,1995,39068854923.2598
IND,NE.EXP.GNFS.CD,1996,40803004043.4984
IND,NE.EXP.GNFS.CD,1997,44459226041.3662
IND,NE.EXP.GNFS.CD,1998,46426465209.0071
IND,NE.EXP.GNFS.CD,1999,52544410650.2485
IND,NE.EXP.GNFS.CD,2000,60878396865.5263
IND,NE.EXP.GNFS.CD,2001,60963525504.4702
IND,NE.EXP.GNFS.CD,2002,73452725999.4092
IND,NE.EXP.GNFS.CD,2003,90838365703.7158
IND,NE.EXP.GNFS.CD,2004,126647719432.562
IND,NE.EXP.GNFS.CD,2005,160837835640.201
IND,NE.EXP.GNFS.CD,2006,199973922363.783
IND,NE.EXP.GNFS.CD,2007,253077528108.493
IND,NE.EXP.GNFS.CD,2008,288902046914.482
IND,NE.EXP.GNFS.CD,2009,273752124889.211
IND,NE.EXP.GNFS.CD,2010,375353510281.601
IND,NE.EXP.GNFS.CD,2011,447384417625.093
IND,NE.EXP.GNFS.CD,2012,448400474614.162
IND,NE.EXP.GNFS.CD,2013,472180268088.322
IND,NE.EXP.GNFS.CD,2014,468345813309.909
IND,NE.EXP.GNFS.CD,2015,416787938311.097
IND,NE.EXP.GNFS.CD,2016,439642578896.691
IND,NE.EXP.GNFS.CD,2017,498258808325.8
IND,NE.EXP.GNFS.CD,2018,538635185779.28
IND,NE.EXP.GNFS.CD,2019,529245060459.831
IND,NE.EXP.GNFS.CD,2020,499728525994.817
IND,NE.EXP.GNFS.CD,2021,677769254388.369
IND,NE.EXP.GNFS.CD,2022,759933646324.239
IND,NY.GDP.MKTP.CD,1960,37029883846.9303
IND,NY.GDP.MKTP.CD,1961,39232435753.0422
IND,NY.GDP.MKTP.CD,1962,42161481824.7743
IND,NY.GDP.MKTP.CD,1963,48421923420.8701
IND,NY.GDP.MKTP.CD,1964,56480289896.3705
IND,NY.GDP.MKTP.CD,1965,59554854575.8085
IND,NY.GDP.MKTP.CD,1966,45865462034.2857
IND,NY.GDP.MKTP.CD,1967,50134942160.5497
IND,NY.GDP.MKTP.CD,1968,53085455824.6593
IND,NY.GDP.MKTP.CD,1969,58447994966.6784
IND,NY.GDP.MKTP.CD,1970,62422483000.5672
IND,NY.GDP.MKTP.CD,1971,67351407965.1281
IND,NY.GDP.MKTP.CD,1972,71463193831.0092
IND,NY.GDP.MKTP.CD,1973,85515269585.4
IND,NY.GDP.MKTP.CD,1974,99525899116.054
IND,NY.GDP.MKTP.CD,1975,98472796456.884
IND,NY.GDP.MKTP.CD,1976,102717164466.397
IND,NY.GDP.MKTP.CD,1977,121486645611.522
IND,NY.GDP.MKTP.CD,1978,137300295313.3
IND,NY.GDP.MKTP.CD,1979,152991653793.77
IND,NY.GDP.MKTP.CD,1980,186325345086.661
IND,NY.GDP.MKTP.CD,1981,193491373249.4
IND,NY.GDP.MKTP.CD,1982,200715633588.789
IND,NY.GDP.MKTP.CD,1983,218262154670.612
IND,NY.GDP.MKTP.CD,1984,212157639237.202
IND,NY.GDP.MKTP.CD,1985,232511561180.057
IND,NY.GDP.MKTP.CD,1986,248985994042.212
IND,NY.GDP.MKTP.CD,1987,279033584092.223
IND,NY.GDP.MKTP.CD,1988,296589677725.074
IND,NY.GDP.MKTP.CD,1989,296042058867.01
IND,NY.GDP.MKTP.CD,1990,320979026420.035
IND,NY.GDP.MKTP.CD,1991,270105341879.226
IND,NY.GDP.MKTP.CD,1992,288208066640.584
IND,NY.GDP.MKTP.CD,1993,279295644530.09
IND,NY.GDP.MKTP.CD,1994,327275583539.559
IND,NY.GDP.MKTP.CD,1995,360281907854.994
IND,NY.GDP.MKTP.CD,1996,392896860670.885
IND,NY.GDP.MKTP.CD,1997,415867567334.185
IND,NY.GDP.MKTP.CD,1998,421351318896.874
IND,NY.GDP.MKTP.CD,1999,458820417337.807
IND,NY.GDP.MKTP.CD,2000,468394937262.37
IND,NY.GDP.MKTP.CD,2001,485441014538.638
IND,NY.GDP.MKTP.CD,2002,514937948870.08
IND,NY.GDP.MKTP.CD,2003,607699285433.872
IND,NY.GDP.MKTP.CD,2004,709148514804.659
IND,NY.GDP.MKTP.CD,2005,820381595512.902
IND,NY.GDP.MKTP.CD,2006,940259888792.141
IND,NY.GDP.MKTP.CD,2007,1216736448906.29
IND,NY.GDP.MKTP.CD,2008,1198895147694.77
IND,NY.GDP.MKTP.CD,2009,1341888016988.57
IND,NY.GDP.MKTP.CD,2010,1675615502766.2
IND,NY.GDP.MKTP.CD,2011,1823051829894.55
IND,NY.GDP.MKTP.CD,2012,1827637579584.79
IND,NY.GDP.MKTP.CD,2013,1856721494834.64
IND,NY.GDP.MKTP.CD,2014,2039126469963.35
IND,NY.GDP.MKTP.CD,2015,2103588347241.77
IND,NY.GDP.MKTP.CD,2016,2294796889945.04
IND,NY.GDP.MKTP.CD,2017,2651474263257.15
IND,NY.GDP.MKTP.CD,2018,2702929639861.5
IND,NY.GDP.MKTP.CD,2019,2835606242052.48
IND,NY.GDP.MKTP.CD,2020,2671595389575.7
IND,NY.GDP.MKTP.CD,2021,3150306834279.65
IND,NY.GDP.MKTP.CD,2022,3385089881935.39
IND,NY.GDP.MKTP.KD.ZG,1961,3.72274253311053
IND,NY.GDP.MKTP.KD.ZG,1962,2.93112773548363
IND,NY.GDP.MKTP.KD.ZG,1963,5.99435326188559
IND,NY.GDP.MKTP.KD.ZG,1964,7.45295012250209
IND,NY.GDP.MKTP.KD.ZG,1965,-2.63577011020728
IND,NY.GDP.MKTP.KD.ZG,1966,-0.0553287704537979
IND,NY.GDP.MKTP.KD.ZG,1967,7.82596303082235
IND,NY.GDP.MKTP.KD.ZG,1968,3.38792917634143
IND,NY.GDP.MKTP.KD.ZG,1969,6.53970029928357
IND,NY.GDP.MKTP.KD.ZG,1970,5.15722973718955
IND,NY.GDP.MKTP.KD.ZG,1971,1.64293037527582
IND,NY.GDP.MKTP.KD.ZG,1972,-0.553301305344547
IND,NY.GDP.MKTP.KD.ZG,1973,3.29552113471652
IND,NY.GDP.MKTP.KD.ZG,1974,1.18533625466961
IND,NY.GDP.MKTP.KD.ZG,1975,9.14991201570659
IND,NY.GDP.MKTP.KD.ZG,1976,1.66310363813034
IND,NY.GDP.MKTP.KD.ZG,1977,7.25476458760367
IND,NY.GDP.MKTP.KD.ZG,1978,5.71253208869331
IND,NY.GDP.MKTP.KD.ZG,1979,-5.23818270446218
IND,NY.GDP.MKTP.KD.ZG,1980,6.7358215288198
IND,NY.GDP.MKTP.KD.ZG,1981,6.00620362601497
IND,NY.GDP.MKTP.KD.ZG,1982,3.47573323969961
IND,NY.GDP.MKTP.KD.ZG,1983,7.28889290305703
IND,NY.GDP.MKTP.KD.ZG,1984,3.82073785610604
IND,NY.GDP.MKTP.KD.ZG,1985,5.25429922311382
IND,NY.GDP.MKTP.KD.ZG,1986,4.77656416847516
IND,NY.GDP.MKTP.KD.ZG,1987,3.96535563481719
IND,NY.GDP.MKTP.KD.ZG,1988,9.62778291607844
IND,NY.GDP.MKTP.KD.ZG,1989,5.94734333181324
IND,NY.GDP.MKTP.KD.ZG,1990,5.53345456125301
IND,NY.GDP.MKTP.KD.ZG,1991,1.05683143336988
IND,NY.GDP.MKTP.KD.ZG,1992,5.48239602167047
IND,NY.GDP.MKTP.KD.ZG,1993,4.75077621965234
IND,NY.GDP.MKTP.KD.ZG,1994,6.65892406734025
IND,NY.GDP.MKTP.KD.ZG,1995,7.57449184032379
IND,NY.GDP.MKTP.KD.ZG,1996,7.5495222488198
IND,NY.GDP.MKTP.KD.ZG,1997,4.0498208490926
IND,NY.GDP.MKTP.KD.ZG,1998,6.18441582090618
IND,NY.GDP.MKTP.KD.ZG,1999,8.84575556105509
IND,NY.GDP.MKTP.KD.ZG,2000,3.84099115681285
IND,NY.GDP.MKTP.KD.ZG,2001,4.82396626390641
IND,NY.GDP.MKTP.KD.ZG,2002,3.8039753213758
IND,NY.GDP.MKTP.KD.ZG,2003,7.86038147553259
IND,NY.GDP.MKTP.KD.ZG,2004,7.92293661286503
IND,NY.GDP.MKTP.KD.ZG,2005,7.92343062149763
IND,NY.GDP.MKTP.KD.ZG,2006,8.06073257303272
IND,NY.GDP.MKTP.KD.ZG,2007,7.66081506504928
IND,NY.GDP.MKTP.KD.ZG,2008,3.08669805953289
IND,NY.GDP.MKTP.KD.ZG,2009,7.86188883303498
IND,NY.GDP.MKTP.KD.ZG,2010,8.49758470158106
IND,NY.GDP.MKTP.KD.ZG,2011,5.24131500140663
IND,NY.GDP.MKTP.KD.ZG,2012,5.45638875297365
IND,NY.GDP.MKTP.KD.ZG,2013,6.38610640094825
IND,NY.GDP.MKTP.KD.ZG,2014,7.41022760508854
IND,NY.GDP.MKTP.KD.ZG,2015,7.99625378571471
IND,NY.GDP.MKTP.KD.ZG,2016,8.25630550179086
IND,NY.GDP.MKTP.KD.ZG,2017,6.79538341897911
IND,NY.GDP.MKTP.KD.ZG,2018,6.45385134497769
IND,NY.GDP.MKTP.KD.ZG,2019,3.87143694070356
IND,NY.GDP.MKTP.KD.ZG,2020,-5.83105322031207
IND,NY.GDP.MKTP.KD.ZG,2021,9.05027790774051
IND,NY.GDP.MKTP.KD.ZG,2022,7.00295154446648
IND,SP.POP.TOTL,1960,445954579.0
IND,SP.POP.TOTL,1961,456351876.0
IND,SP.POP.TOTL,1962,467024193.0
IND,SP.POP.TOTL,1963,477933619.0
IND,SP.POP.TOTL,1964,489059309.0
IND,SP.POP.TOTL,1965,500114346.0
IND,SP.POP.TOTL,1966,510992617.0
IND,SP.POP.TOTL,1967,521987069.0
IND,SP.POP.TOTL,1968,533431909.0
IND,SP.POP.TOTL,1969,545314670.0
IND,SP.POP.TOTL,1970,557501301.0
IND,SP.POP.TOTL,1971,569999178.0
IND,SP.POP.TOTL,1972,582837973.0
IND,SP.POP.TOTL,1973,596107483.0
IND,SP.POP.TOTL,1974,609721951.0
IND,SP.POP.TOTL,1975,623524219.0
IND,SP.POP.TOTL,1976,637451448.0
IND,SP.POP.TOTL,1977,651685628.0
IND,SP.POP.TOTL,1978,666267760.0
IND,SP.POP.TOTL,1979,681248383.0
IND,SP.POP.TOTL,1980,696828385.0
IND,SP.POP.TOTL,1981,712869298.0
IND,SP.POP.TOTL,1982,729169466.0
IND,SP.POP.TOTL,1983,745826546.0
IND,SP.POP.TOTL,1984,762895156.0
IND,SP.POP.TOTL,1985,780242084.0
IND,SP.POP.TOTL,1986,797878993.0
IND,SP.POP.TOTL,1987,815716125.0
IND,SP.POP.TOTL,1988,833729681.0
IND,SP.POP.TOTL,1989,852012673.0
IND,SP.POP.TOTL,1990,870452165.0
IND,SP.POP.TOTL,1991,888941756.0
IND,SP.POP.TOTL,1992,907574049.0
IND,SP.POP.TOTL,1993,926351297.0
IND,SP.POP.TOTL,1994,945261958.0
IND,SP.POP.TOTL,1995,964279129.0
IND,SP.POP.TOTL,1996,983281218.0
IND,SP.POP.TOTL,1997,1002335230.0
IND,SP.POP.TOTL,1998,1021434576.0
IND,SP.POP.TOTL,1999,1040500054.0
IND,SP.POP.TOTL,2000,1059633675.0
IND,SP.POP.TOTL,2001,1078970907.0
IND,SP.POP.TOTL,2002,1098313039.0
IND,SP.POP.TOTL,2003,1117415123.0
IND,SP.POP.TOTL,2004,1136264583.0
IND,SP.POP.TOTL,2005,1154638713.0
IND,SP.POP.TOTL,2006,1172373788.0
IND,SP.POP.TOTL,2007,1189691809.0
IND,SP.POP.TOTL,2008,1206734806.0
IND,SP.POP.TOTL,2009,1223640160.0
IND,SP.POP.TOTL,2010,1240613620.0
IND,SP.POP.TOTL,2011,1257621191.0
IND,SP.POP.TOTL,2012,1274487215.0
IND,SP.POP.TOTL,2013,1291132063.0
IND,SP.POP.TOTL,2014,1307246509.0
IND,SP.POP.TOTL,2015,1322866505.0
IND,SP.POP.TOTL,2016,1338636340.0
IND,SP.POP.TOTL,2017,1354195680.0
IND,SP.POP.TOTL,2018,1369003306.0
IND,SP.POP.TOTL,2019,1383112050.0
IND,SP.POP.TOTL,2020,1396387127.0
IND,SP.POP.TOTL,2021,1407563842.0
IND,SP.POP.TOTL,2022,1417173173.0
KOR,BX.KLT.DINV.CD.WD,1970,66000000.0
KOR,BX.KLT.DINV.CD.WD,1971,42000000.0
KOR,BX.KLT.DINV.CD.WD,1972,496000000.0
KOR,BX.KLT.DINV.CD.WD,1973,4000000.0
KOR,BX.KLT.DINV.CD.WD,1974,2000000.0
KOR,BX.KLT.DINV.CD.WD,1975,6000000.0
KOR,BX.KLT.DINV.CD.WD,1976,81000000.0
KOR,BX.KLT.DINV.CD.WD,1977,94000000.0
KOR,BX.KLT.DINV.CD.WD,1978,89000000.0
KOR,BX.KLT.DINV.CD.WD,1979,172000000.0
KOR,BX.KLT.DINV.CD.WD,1980,47100000.0
KOR,BX.KLT.DINV.CD.WD,1981,155100000.0
KOR,BX.KLT.DINV.CD.WD,1982,120900000.0
KOR,BX.KLT.DINV.CD.WD,1983,184300000.0
KOR,BX.KLT.DINV.CD.WD,1984,223300000.0
KOR,BX.KLT.DINV.CD.WD,1985,355300000.0
KOR,BX.KLT.DINV.CD.WD,1986,682500000.0
KOR,BX.KLT.DINV.CD.WD,1987,838600000.0
KOR,BX.KLT.DINV.CD.WD,1988,1293100000.0
KOR,BX.KLT.DINV.CD.WD,1989,1389600000.0
KOR,BX.KLT.DINV.CD.WD,1990,1045600000.0
KOR,BX.KLT.DINV.CD.WD,1991,1455200000.0
KOR,BX.KLT.DINV.CD.WD,1992,1001600000.0
KOR,BX.KLT.DINV.CD.WD,1993,832300000.0
KOR,BX.KLT.DINV.CD.WD,1994,1136600000.0
KOR,BX.KLT.DINV.CD.WD,1995,2487100000.0
KOR,BX.KLT.DINV.CD.WD,1996,2782600000.0
KOR,BX.KLT.DINV.CD.WD,1997,3301100000.0
KOR,BX.KLT.DINV.CD.WD,1998,5989200000.0
KOR,BX.KLT.DINV.CD.WD,1999,10726300000.0
KOR,BX.KLT.DINV.CD.WD,2000,11509400000.0
KOR,BX.KLT.DINV.CD.WD,2001,6522300000.0
KOR,BX.KLT.DINV.CD.WD,2002,5475100000.0
KOR,BX.KLT.DINV.CD.WD,2003,7010000000.0
KOR,BX.KLT.DINV.CD.WD,2004,13294400000.0
KOR,BX.KLT.DINV.CD.WD,2005,13643200000.0
KOR,BX.KLT.DINV.CD.WD,2006,9161900000.0
KOR,BX.KLT.DINV.CD.WD,2007,8826900000.0
KOR,BX.KLT.DINV.CD.WD,2008,11187500000.0
KOR,BX.KLT.DINV.CD.WD,2009,9021900000.0
KOR,BX.KLT.DINV.CD.WD,2010,9497400000.0
KOR,BX.KLT.DINV.CD.WD,2011,9773000000.0
KOR,BX.KLT.DINV.CD.WD,2012,9495900000.0
KOR,BX.KLT.DINV.CD.WD,2013,12766600000.0
KOR,BX.KLT.DINV.CD.WD,2014,9273600000.0
KOR,BX.KLT.DINV.CD.WD,2015,4104100000.0
KOR,BX.KLT.DINV.CD.WD,2016,12104300000.0
KOR,BX.KLT.DINV.CD.WD,2017,17912900000.0
KOR,BX.KLT.DINV.CD.WD,2018,12182600000.0
KOR,BX.KLT.DINV.CD.WD,2019,9634300000.0
KOR,BX.KLT.DINV.CD.WD,2020,8764900000.0
KOR,BX.KLT.DINV.CD.WD,2021,22060400000.0
KOR,BX.KLT.DINV.CD.WD,2022,17996000000.0
KOR,FP.CPI.TOTL.ZG,1960,7.96556575482593
KOR,FP.CPI.TOTL.ZG,1961,8.19565288254092
KOR,FP.CPI.TOTL.ZG,1962,6.61831097492388
KOR,FP.CPI.TOTL.ZG,1963,20.6916473186477
KOR,FP.CPI.TOTL.ZG,1964,29.4628314500798
KOR,FP.CPI.TOTL.ZG,1965,13.5481947104654
KOR,FP.CPI.TOTL.ZG,1966,11.261384877581
KOR,FP.CPI.TOTL.ZG,1967,10.8824400571964
KOR,FP.CPI.TOTL.ZG,1968,10.771821396935
KOR,FP.CPI.TOTL.ZG,1969,12.3895647111187
KOR,FP.CPI.TOTL.ZG,1970,15.9503423646946
KOR,FP.CPI.TOTL.ZG,1971,13.5117023313079
KOR,FP.CPI.TOTL.ZG,1972,11.6889866806844
KOR,FP.CPI.TOTL.ZG,1973,3.2210290469233
KOR,FP.CPI.TOTL.ZG,1974,24.3041995402396
KOR,FP.CPI.TOTL.ZG,1975,25.2492564056733
KOR,FP.CPI.TOTL.ZG,1976,15.3273205213193
KOR,FP.CPI.TOTL.ZG,1977,10.0966653313388
KOR,FP.CPI.TOTL.ZG,1978,14.4602850195024
KOR,FP.CPI.TOTL.ZG,1979,18.3234963421791
KOR,FP.CPI.TOTL.ZG,1980,28.6976086362017
KOR,FP.CPI.TOTL.ZG,1981,21.3516402540001
KOR,FP.CPI.TOTL.ZG,1982,7.19084664006864
KOR,FP.CPI.TOTL.ZG,1983,3.42061419498925
KOR,FP.CPI.TOTL.ZG,1984,2.27395640001855
KOR,FP.CPI.TOTL.ZG,1985,2.45910879215278
KOR,FP.CPI.TOTL.ZG,1986,2.74998096063353
KOR,FP.CPI.TOTL.ZG,1987,3.04966077087427
KOR,FP.CPI.TOTL.ZG,1988,7.14609773721606
KOR,FP.CPI.TOTL.ZG,1989,5.70016544561398
KOR,FP.CPI.TOTL.ZG,1990,8.57327225728686
KOR,FP.CPI.TOTL.ZG,1991,9.33279048161486
KOR,FP.CPI.TOTL.ZG,1992,6.21328146355184
KOR,FP.CPI.TOTL.ZG,1993,4.80099660215357
KOR,FP.CPI.TOTL.ZG,1994,6.26585950039683
KOR,FP.CPI.TOTL.ZG,1995,4.48074108557248
KOR,FP.CPI.TOTL.ZG,1996,4.92454354292748
KOR,FP.CPI.TOTL.ZG,1997,4.43893184574636
KOR,FP.CPI.TOTL.ZG,1998,7.51358008079306
KOR,FP.CPI.TOTL.ZG,1999,0.812957254446379
KOR,FP.CPI.TOTL.ZG,2000,2.25916580080153
KOR,FP.CPI.TOTL.ZG,2001,4.06657587897791
KOR,FP.CPI.TOTL.ZG,2002,2.76226210296605
KOR,FP.CPI.TOTL.ZG,2003,3.51487451459936
KOR,FP.CPI.TOTL.ZG,2004,3.59066298882577
KOR,FP.CPI.TOTL.ZG,2005,2.75379162735036
KOR,FP.CPI.TOTL.ZG,2006,2.24234028518923
KOR,FP.CPI.TOTL.ZG,2007,2.53457382137933
KOR,FP.CPI.TOTL.ZG,2008,4.6738965553341
KOR,FP.CPI.TOTL.ZG,2009,2.75649654493925
KOR,FP.CPI.TOTL.ZG,2010,2.93928652655687
KOR,FP.CPI.TOTL.ZG,2011,4.02596500436097
KOR,FP.CPI.TOTL.ZG,2012,2.18707104433313
KOR,FP.CPI.TOTL.ZG,2013,1.30134754547411
KOR,FP.CPI.TOTL.ZG,2014,1.27477446401322
KOR,FP.CPI.TOTL.ZG,2015,0.706331772455739
KOR,FP.CPI.TOTL.ZG,2016,0.97168573991219
KOR,FP.CPI.TOTL.ZG,2017,1.94433230786365
KOR,FP.CPI.TOTL.ZG,2018,1.47583935002643
KOR,FP.CPI.TOTL.ZG,2019,0.383000303608079
KOR,FP.CPI.TOTL.ZG,2020,0.537288023411772
KOR,FP.CPI.TOTL.ZG,2021,2.49833333333334
KOR,FP.CPI.TOTL.ZG,2022,5.08788760792858
KOR,NE.EXP.GNFS.CD,1960,104554786.708235
KOR,NE.EXP.GNFS.CD,1961,97763303.8227054
KOR,NE.EXP.GNFS.CD,1962,109231189.350728
KOR,NE.EXP.GNFS.CD,1963,157692914.203516
KOR,NE.EXP.GNFS.CD,1964,171618908.756259
KOR,NE.EXP.GNFS.CD,1965,222597597.597598
KOR,NE.EXP.GNFS.CD,1966,331687182.133117
KOR,NE.EXP.GNFS.CD,1967,442481147.419784
KOR,NE.EXP.GNFS.CD,1968,620639797.578167
KOR,NE.EXP.GNFS.CD,1969,814825097.16824
KOR,NE.EXP.GNFS.CD,1970,1030074703.76095
KOR,NE.EXP.GNFS.CD,1971,1255365115.94412
KOR,NE.EXP.GNFS.CD,1972,1803049199.52149
KOR,NE.EXP.GNFS.CD,1973,3319943763.80799
KOR,NE.EXP.GNFS.CD,1974,4344697999.85166
KOR,NE.EXP.GNFS.CD,1975,4934710743.80165
KOR,NE.EXP.GNFS.CD,1976,7634504132.23141
KOR,NE.EXP.GNFS.CD,1977,10014876033.0579
KOR,NE.EXP.GNFS.CD,1978,12990909090.9091
KOR,NE.EXP.GNFS.CD,1979,15836157024.7934
KOR,NE.EXP.GNFS.CD,1980,18598850896.3996
KOR,NE.EXP.GNFS.CD,1981,21836189301.4992
KOR,NE.EXP.GNFS.CD,1982,21445122284.8389
KOR,NE.EXP.GNFS.CD,1983,24472574927.4895
KOR,NE.EXP.GNFS.CD,1984,28184322191.6177
KOR,NE.EXP.GNFS.CD,1985,27219948966.7374
KOR,NE.EXP.GNFS.CD,1986,37350048216.0077
KOR,NE.EXP.GNFS.CD,1987,51508564620.6402
KOR,NE.EXP.GNFS.CD,1988,64845584918.0417
KOR,NE.EXP.GNFS.CD,1989,67555773985.0475
KOR,NE.EXP.GNFS.CD,1990,70825844919.1816
KOR,NE.EXP.GNFS.CD,1991,78616895070.5666
KOR,NE.EXP.GNFS.CD,1992,85583424069.6855
KOR,NE.EXP.GNFS.CD,1993,92953766803.294
KOR,NE.EXP.GNFS.CD,1994,111596614599.539
KOR,NE.EXP.GNFS.CD,1995,145749348477.187
KOR,NE.EXP.GNFS.CD,1996,151334079184.536
KOR,NE.EXP.GNFS.CD,1997,161499858087.439
KOR,NE.EXP.GNFS.CD,1998,151556327777.143
KOR,NE.EXP.GNFS.CD,1999,162143469995.458
KOR,NE.EXP.GNFS.CD,2000,195550063662.729
KOR,NE.EXP.GNFS.CD,2001,174088180388.694
KOR,NE.EXP.GNFS.CD,2002,186748435364.362
KOR,NE.EXP.GNFS.CD,2003,220638044326.583
KOR,NE.EXP.GNFS.CD,2004,291526211015.262
KOR,NE.EXP.GNFS.CD,2005,329861929793.154
KOR,NE.EXP.GNFS.CD,2006,375223459029.978
KOR,NE.EXP.GNFS.CD,2007,438465984402.665
KOR,NE.EXP.GNFS.CD,2008,498972064098.917
KOR,NE.EXP.GNFS.CD,2009,426523458607.755
KOR,NE.EXP.GNFS.CD,2010,538898293429.153
KOR,NE.EXP.GNFS.CD,2011,668440747705.411
KOR,NE.EXP.GNFS.CD,2012,691553300804.601
KOR,NE.EXP.GNFS.CD,2013,703109248740.173
KOR,NE.EXP.GNFS.CD,2014,709970494628.1
KOR,NE.EXP.GNFS.CD,2015,630129491251.218
KOR,NE.EXP.GNFS.CD,2016,602034550194.781
KOR,NE.EXP.GNFS.CD,2017,664731199232.572
KOR,NE.EXP.GNFS.CD,2018,719489868241.708
KOR,NE.EXP.GNFS.CD,2019,648610576582.722
KOR,NE.EXP.GNFS.CD,2020,597865396143.102
KOR,NE.EXP.GNFS.CD,2021,761244269131.139
KOR,NE.EXP.GNFS.CD,2022,803589592033.738
KOR,NY.GDP.MKTP.CD,1960,3958824423.99818
KOR,NY.GDP.MKTP.CD,1961,2417638423.22215
KOR,NY.GDP.MKTP.CD,1962,2814626210.10081
KOR,NY.GDP.MKTP.CD,1963,3988476878.75723
KOR,NY.GDP.MKTP.CD,1964,3459032883.02465
KOR,NY.GDP.MKTP.CD,1965,3120870870.87087
KOR,NY.GDP.MKTP.CD,1966,3929018943.02351
KOR,NY.GDP.MKTP.CD,1967,4855833210.11386
KOR,NY.GDP.MKTP.CD,1968,6119284294.23459
KOR,NY.GDP.MKTP.CD,1969,7678720155.46918
KOR,NY.GDP.MKTP.CD,1970,9005023183.92581
KOR,NY.GDP.MKTP.CD,1971,9903499927.98502
KOR,NY.GDP.MKTP.CD,1972,10862327878.032
KOR,NY.GDP.MKTP.CD,1973,13876531432.0145
KOR,NY.GDP.MKTP.CD,1974,19544094741.2663
KOR,NY.GDP.MKTP.CD,1975,21784297520.6612
KOR,NY.GDP.MKTP.CD,1976,29902479338.843
KOR,NY.GDP.MKTP.CD,1977,38446487603.3058
KOR,NY.GDP.MKTP.CD,1978,51972107438.0165
KOR,NY.GDP.MKTP.CD,1979,66946900826.4463
KOR,NY.GDP.MKTP.CD,1980,65398646757.6511
KOR,NY.GDP.MKTP.CD,1981,72933350953.7025
KOR,NY.GDP.MKTP.CD,1982,78358866334.7376
KOR,NY.GDP.MKTP.CD,1983,87760360941.0248
KOR,NY.GDP.MKTP.CD,1984,97510235986.0046
KOR,NY.GDP.MKTP.CD,1985,101296177099.552
KOR,NY.GDP.MKTP.CD,1986,116836802995.065
KOR,NY.GDP.MKTP.CD,1987,147948259722.577
KOR,NY.GDP.MKTP.CD,1988,199590823957.237
KOR,NY.GDP.MKTP.CD,1989,246927292765.02
KOR,NY.GDP.MKTP.CD,1990,283367525714.932
KOR,NY.GDP.MKTP.CD,1991,330648530715.211
KOR,NY.GDP.MKTP.CD,1992,355525267405.367
KOR,NY.GDP.MKTP.CD,1993,392666101884.959
KOR,NY.GDP.MKTP.CD,1994,463617399962.661
KOR,NY.GDP.MKTP.CD,1995,566583427334.137
KOR,NY.GDP.MKTP.CD,1996,610169556840.077
KOR,NY.GDP.MKTP.CD,1997,569754543829.957
KOR,NY.GDP.MKTP.CD,1998,383330931042.356
KOR,NY.GDP.MKTP.CD,1999,497512659612.052
KOR,NY.GDP.MKTP.CD,2000,576178114168.494
KOR,NY.GDP.MKTP.CD,2001,547658231279.87
KOR,NY.GDP.MKTP.CD,2002,627246081417.004
KOR,NY.GDP.MKTP.CD,2003,702717332012.991
KOR,NY.GDP.MKTP.CD,2004,793175007858.066
KOR,NY.GDP.MKTP.CD,2005,934901101762.491
KOR,NY.GDP.MKTP.CD,2006,1053216892422.02
KOR,NY.GDP.MKTP.CD,2007,1172614134912.05
KOR,NY.GDP.MKTP.CD,2008,1047339041903.85
KOR,NY.GDP.MKTP.CD,2009,943941876218.743
KOR,NY.GDP.MKTP.CD,2010,1144066965324.49
KOR,NY.GDP.MKTP.CD,2011,1253223044718.99
KOR,NY.GDP.MKTP.CD,2012,1278427634342.59
KOR,NY.GDP.MKTP.CD,2013,1370795199976.18
KOR,NY.GDP.MKTP.CD,2014,1484318219633.63
KOR,NY.GDP.MKTP.CD,2015,1465773245547.15
KOR,NY.GDP.MKTP.CD,2016,1500111596236.37
KOR,NY.GDP.MKTP.CD,2017,1623901496835.79
KOR,NY.GDP.MKTP.CD,2018,1724845615629.26
KOR,NY.GDP.MKTP.CD,2019,1651422932447.77
KOR,NY.GDP.MKTP.CD,2020,1644312785467.12
KOR,NY.GDP.MKTP.CD,2021,1810955871380.98
KOR,NY.GDP.MKTP.CD,2022,1665245538594.96
KOR,NY.GDP.MKTP.KD.ZG,1961,6.93599265224405
KOR,NY.GDP.MKTP.KD.ZG,1962,3.89527253075299
KOR,NY.GDP.MKTP.KD.ZG,1963,9.02056828279763
KOR,NY.GDP.MKTP.KD.ZG,1964,9.47382471805444
KOR,NY.GDP.MKTP.KD.ZG,1965,7.31843358022128
KOR,NY.GDP.MKTP.KD.ZG,1966,11.9939566084487
KOR,NY.GDP.MKTP.KD.ZG,1967,9.0796065539801
KOR,NY.GDP.MKTP.KD.ZG,1968,13.1657682900767
KOR,NY.GDP.MKTP.KD.ZG,1969,14.5613666963927
KOR,NY.GDP.MKTP.KD.ZG,1970,10.0527348072623
KOR,NY.GDP.MKTP.KD.ZG,1971,10.5455135521971
KOR,NY.GDP.MKTP.KD.ZG,1972,7.21436072179991
KOR,NY.GDP.MKTP.KD.ZG,1973,14.8983226573489
KOR,NY.GDP.MKTP.KD.ZG,1974,9.51183543440047
KOR,NY.GDP.MKTP.KD.ZG,1975,7.8399333381073
KOR,NY.GDP.MKTP.KD.ZG,1976,13.2214478025627
KOR,NY.GDP.MKTP.KD.ZG,1977,12.3359821950185
KOR,NY.GDP.MKTP.KD.ZG,1978,10.9529856954848
KOR,NY.GDP.MKTP.KD.ZG,1979,8.67122670709715
KOR,NY.GDP.MKTP.KD.ZG,1980,-1.64568764044438
KOR,NY.GDP.MKTP.KD.ZG,1981,7.24617628510612
KOR,NY.GDP.MKTP.KD.ZG,1982,8.33807808691536
KOR,NY.GDP.MKTP.KD.ZG,1983,13.3761744903693
KOR,NY.GDP.MKTP.KD.ZG,1984,10.5516403549853
KOR,NY.GDP.MKTP.KD.ZG,1985,7.83886402174087
KOR,NY.GDP.MKTP.KD.ZG,1986,11.3272611963066
KOR,NY.GDP.MKTP.KD.ZG,1987,12.7236921193269
KOR,NY.GDP.MKTP.KD.ZG,1988,11.9877155593824
KOR,NY.GDP.MKTP.KD.ZG,1989,7.07289360531416
KOR,NY.GDP.MKTP.KD.ZG,1990,9.8775525016936
KOR,NY.GDP.MKTP.KD.ZG,1991,10.7780561268967
KOR,NY.GDP.MKTP.KD.ZG,1992,6.19864279836374
KOR,NY.GDP.MKTP.KD.ZG,1993,6.87747412868558
KOR,NY.GDP.MKTP.KD.ZG,1994,9.26866633778376
KOR,NY.GDP.MKTP.KD.ZG,1995,9.61456539319965
KOR,NY.GDP.MKTP.KD.ZG,1996,7.89070332600667
KOR,NY.GDP.MKTP.KD.ZG,1997,6.17055242658977
KOR,NY.GDP.MKTP.KD.ZG,1998,-5.12944816520964
KOR,NY.GDP.MKTP.KD.ZG,1999,11.4669424267425
KOR,NY.GDP.MKTP.KD.ZG,2000,9.06083332508534
KOR,NY.GDP.MKTP.KD.ZG,2001,4.85239957151281
KOR,NY.GDP.MKTP.KD.ZG,2002,7.72514267547173
KOR,NY.GDP.MKTP.KD.ZG,2003,3.14729119373409
KOR,NY.GDP.MKTP.KD.ZG,2004,5.19739136324382
KOR,NY.GDP.MKTP.KD.ZG,2005,4.30854271411236
KOR,NY.GDP.MKTP.KD.ZG,2006,5.26432659466724
KOR,NY.GDP.MKTP.KD.ZG,2007,5.79954841503216
KOR,NY.GDP.MKTP.KD.ZG,2008,3.01298487281167
KOR,NY.GDP.MKTP.KD.ZG,2009,0.792698989518186
KOR,NY.GDP.MKTP.KD.ZG,2010,6.80482491783671
KOR,NY.GDP.MKTP.KD.ZG,2011,3.68566778212526
KOR,NY.GDP.MKTP.KD.ZG,2012,2.40253099246186
KOR,NY.GDP.MKTP.KD.ZG,2013,3.16470863647184
KOR,NY.GDP.MKTP.KD.ZG,2014,3.2024537945736
KOR,NY.GDP.MKTP.KD.ZG,2015,2.80910326824133
KOR,NY.GDP.MKTP.KD.ZG,2016,2.94688171508626
KOR,NY.GDP.MKTP.KD.ZG,2017,3.15963574012777
KOR,NY.GDP.MKTP.KD.ZG,2018,2.90740377377135
KOR,NY.GDP.MKTP.KD.ZG,2019,2.24397786011012
KOR,NY.GDP.MKTP.KD.ZG,2020,-0.709415359397681
KOR,NY.GDP.MKTP.KD.ZG,2021,4.14532395430925
KOR,NY.GDP.MKTP.KD.ZG,2022,2.56053743193038
KOR,SP.POP.TOTL,1960,25012374.0
KOR,SP.POP.TOTL,1961,25765673.0
KOR,SP.POP.TOTL,1962,26513030.0
KOR,SP.POP.TOTL,1963,27261747.0
KOR,SP.POP.TOTL,1964,27984155.0
KOR,SP.POP.TOTL,1965,28704674.0
KOR,SP.POP.TOTL,1966,29435571.0
KOR,SP.POP.TOTL,1967,30130983.0
KOR,SP.POP.TOTL,1968,30838302.0
KOR,SP.POP.TOTL,1969,31544266.0
KOR,SP.POP.TOTL,1970,32240827.0
KOR,SP.POP.TOTL,1971,32882704.0
KOR,SP.POP.TOTL,1972,33505406.0
KOR,SP.POP.TOTL,1973,34103149.0
KOR,SP.POP.TOTL,1974,34692266.0
KOR,SP.POP.TOTL,1975,35280725.0
KOR,SP.POP.TOTL,1976,35848523.0
KOR,SP.POP.TOTL,1977,36411795.0
KOR,SP.POP.TOTL,1978,36969185.0
KOR,SP.POP.TOTL,1979,37534236.0
KOR,SP.POP.TOTL,1980,38123775.0
KOR,SP.POP.TOTL,1981,38723248.0
KOR,SP.POP.TOTL,1982,39326352.0
KOR,SP.POP.TOTL,1983,39910403.0
KOR,SP.POP.TOTL,1984,40405956.0
KOR,SP.POP.TOTL,1985,40805744.0
KOR,SP.POP.TOTL,1986,41213674.0
KOR,SP.POP.TOTL,1987,41621690.0
KOR,SP.POP.TOTL,1988,42031247.0
KOR,SP.POP.TOTL,1989,42449038.0
KOR,SP.POP.TOTL,1990,42869283.0
KOR,SP.POP.TOTL,1991,43295704.0
KOR,SP.POP.TOTL,1992,43747962.0
KOR,SP.POP.TOTL,1993,44194628.0
KOR,SP.POP.TOTL,1994,44641540.0
KOR,SP.POP.TOTL,1995,45092991.0
KOR,SP.POP.TOTL,1996,45524681.0
KOR,SP.POP.TOTL,1997,45953580.0
KOR,SP.POP.TOTL,1998,46286503.0
KOR,SP.POP.TOTL,1999,46616677.0
KOR,SP.POP.TOTL,2000,47008111.0
KOR,SP.POP.TOTL,2001,47370164.0
KOR,SP.POP.TOTL,2002,47644736.0
KOR,SP.POP.TOTL,2003,47892330.0
KOR,SP.POP.TOTL,2004,48082519.0
KOR,SP.POP.TOTL,2005,48184561.0
KOR,SP.POP.TOTL,2006,48438292.0
KOR,SP.POP.TOTL,2007,48683638.0
KOR,SP.POP.TOTL,2008,49054708.0
KOR,SP.POP.TOTL,2009,49307835.0
KOR,SP.POP.TOTL,2010,49554112.0
KOR,SP.POP.TOTL,2011,49936638.0
KOR,SP.POP.TOTL,2012,50199853.0
KOR,SP.POP.TOTL,2013,50428893.0
KOR,SP.POP.TOTL,2014,50746659.0
KOR,SP.POP.TOTL,2015,51014947.0
KOR,SP.POP.TOTL,2016,51217803.0
KOR,SP.POP.TOTL,2017,51361911.0
KOR,SP.POP.TOTL,2018,51585058.0
KOR,SP.POP.TOTL,2019,51764822.0
KOR,SP.POP.TOTL,2020,51836239.0
KOR,SP.POP.TOTL,2021,51744876.0
KOR,SP.POP.TOTL,2022,51628117.0
MYS,BX.KLT.DINV.CD.WD,1970,94000000.0
MYS,BX.KLT.DINV.CD.WD,1971,100000000.0
MYS,BX.KLT.DINV.CD.WD,1972,114000000.0
MYS,BX.KLT.DINV.CD.WD,1973,172000000.0
MYS,BX.KLT.DINV.CD.WD,1974,570819254.595405
MYS,BX.KLT.DINV.CD.WD,1975,350491202.931934
MYS,BX.KLT.DINV.CD.WD,1976,381259652.112456
MYS,BX.KLT.DINV.CD.WD,1977,405885818.525049
MYS,BX.KLT.DINV.CD.WD,1978,499991004.965365
MYS,BX.KLT.DINV.CD.WD,1979,573467421.839787
MYS,BX.KLT.DINV.CD.WD,1980,933903976.260897
MYS,BX.KLT.DINV.CD.WD,1981,1264688331.16862
MYS,BX.KLT.DINV.CD.WD,1982,1397196045.41608
MYS,BX.KLT.DINV.CD.WD,1983,1260527733.35506
MYS,BX.KLT.DINV.CD.WD,1984,797476861.322828
MYS,BX.KLT.DINV.CD.WD,1985,694712466.229254
MYS,BX.KLT.DINV.CD.WD,1986,488874111.042602
MYS,BX.KLT.DINV.CD.WD,1987,422679709.984833
MYS,BX.KLT.DINV.CD.WD,1988,719418050.366902
MYS,BX.KLT.DINV.CD.WD,1989,1667871568.72095
MYS,BX.KLT.DINV.CD.WD,1990,2332455289.06142
MYS,BX.KLT.DINV.CD.WD,1991,3998448522.46006
MYS,BX.KLT.DINV.CD.WD,1992,5183358086.40239
MYS,BX.KLT.DINV.CD.WD,1993,5005642759.8826
MYS,BX.KLT.DINV.CD.WD,1994,4341800916.32297
MYS,BX.KLT.DINV.CD.WD,1995,4178239335.0381
MYS,BX.KLT.DINV.CD.WD,1996,5078414947.87739
MYS,BX.KLT.DINV.CD.WD,1997,5136514575.67472
MYS,BX.KLT.DINV.CD.WD,1998,2163401815.57573
MYS,BX.KLT.DINV.CD.WD,1999,3895263157.89474
MYS,BX.KLT.DINV.CD.WD,2000,3787631578.94737
MYS,BX.KLT.DINV.CD.WD,2001,553947368.421053
MYS,BX.KLT.DINV.CD.WD,2002,3192894736.8421
MYS,BX.KLT.DINV.CD.WD,2003,3218947368.42105
MYS,BX.KLT.DINV.CD.WD,2004,4376052631.57895
MYS,BX.KLT.DINV.CD.WD,2005,3924786634.73868
MYS,BX.KLT.DINV.CD.WD,2006,7690731245.66747
MYS,BX.KLT.DINV.CD.WD,2007,9071369834.83859
MYS,BX.KLT.DINV.CD.WD,2008,7572512432.33635
MYS,BX.KLT.DINV.CD.WD,2009,114664434.56228
MYS,BX.KLT.DINV.CD.WD,2010,10885801851.6194
MYS,BX.KLT.DINV.CD.WD,2011,15119439203.9543
MYS,BX.KLT.DINV.CD.WD,2012,8895774250.70402
MYS,BX.KLT.DINV.CD.WD,2013,11296279513.9209
MYS,BX.KLT.DINV.CD.WD,2014,10619431582.9781
MYS,BX.KLT.DINV.CD.WD,2015,9857162111.82329
MYS,BX.KLT.DINV.CD.WD,2016,13470089920.807
MYS,BX.KLT.DINV.CD.WD,2017,9368469822.66146
MYS,BX.KLT.DINV.CD.WD,2018,8304480741.65267
MYS,BX.KLT.DINV.CD.WD,2019,9154921685.03934
MYS,BX.KLT.DINV.CD.WD,2020,4058769678.64231
MYS,BX.KLT.DINV.CD.WD,2021,20245157326.8024
MYS,BX.KLT.DINV.CD.WD,2022,14725970431.5896
MYS,FP.CPI.TOTL.ZG,1960,0.0631825978882036
MYS,FP.CPI.TOTL.ZG,1961,-0.180407721631661
MYS,FP.CPI.TOTL.ZG,1962,0.108440267848109
MYS,FP.CPI.TOTL.ZG,1963,3.10525365608347
MYS,FP.CPI.TOTL.ZG,1964,-0.402731571003633
MYS,FP.CPI.TOTL.ZG,1965,-0.105485232243793
MYS,FP.CPI.TOTL.ZG,1966,0.967969025261378
MYS,FP.CPI.TOTL.ZG,1967,4.57556214033288
MYS,FP.CPI.TOTL.ZG,1968,-0.15834652879454
MYS,FP.CPI.TOTL.ZG,1969,-0.409015025294067
MYS,FP.CPI.TOTL.ZG,1970,1.84393596556384
MYS,FP.CPI.TOTL.ZG,1971,1.61303596395806
MYS,FP.CPI.TOTL.ZG,1972,3.23155422354877
MYS,FP.CPI.TOTL.ZG,1973,10.5601757413101
MYS,FP.CPI.TOTL.ZG,1974,17.3289809824411
MYS,FP.CPI.TOTL.ZG,1975,4.48772226915908
MYS,FP.CPI.TOTL.ZG,1976,2.63371150730572
MYS,FP.CPI.TOTL.ZG,1977,4.78822401445964
MYS,FP.CPI.TOTL.ZG,1978,4.8600645855425
MYS,FP.CPI.TOTL.ZG,1979,3.65446799796413
MYS,FP.CPI.TOTL.ZG,1980,6.6749195345051
MYS,FP.CPI.TOTL.ZG,1981,9.70000000000016
MYS,FP.CPI.TOTL.ZG,1982,5.81890002977831
MYS,FP.CPI.TOTL.ZG,1983,3.70423546319373
MYS,FP.CPI.TOTL.ZG,1984,3.89727260149767
MYS,FP.CPI.TOTL.ZG,1985,0.346458791259879
MYS,FP.CPI.TOTL.ZG,1986,0.737002855391949
MYS,FP.CPI.TOTL.ZG,1987,0.290007909438398
MYS,FP.CPI.TOTL.ZG,1988,2.55651945320742
MYS,FP.CPI.TOTL.ZG,1989,2.81320089714805
MYS,FP.CPI.TOTL.ZG,1990,2.61780104712051
MYS,FP.CPI.TOTL.ZG,1991,4.35833333333302
MYS,FP.CPI.TOTL.ZG,1992,4.7672282999282
MYS,FP.CPI.TOTL.ZG,1993,3.53658536585388
MYS,FP.CPI.TOTL.ZG,1994,3.72497055359286
MYS,FP.CPI.TOTL.ZG,1995,3.45057509584896
MYS,FP.CPI.TOTL.ZG,1996,3.48855945858916
MYS,FP.CPI.TOTL.ZG,1997,2.66251459711942
MYS,FP.CPI.TOTL.ZG,1998,5.27034200348766
MYS,FP.CPI.TOTL.ZG,1999,2.74456130240608
MYS,FP.CPI.TOTL.ZG,2000,1.53474023697698
MYS,FP.CPI.TOTL.ZG,2001,1.41678473206102
MYS,FP.CPI.TOTL.ZG,2002,1.80787246281537
MYS,FP.CPI.TOTL.ZG,2003,1.08967632577284
MYS,FP.CPI.TOTL.ZG,2004,1.421271159374
MYS,FP.CPI.TOTL.ZG,2005,2.97507092684453
MYS,FP.CPI.TOTL.ZG,2006,3.6092356422439
MYS,FP.CPI.TOTL.ZG,2007,2.02735317779565
MYS,FP.CPI.TOTL.ZG,2008,5.44078221100772
MYS,FP.CPI.TOTL.ZG,2009,0.583308405623704
MYS,FP.CPI.TOTL.ZG,2010,1.62285235577031
MYS,FP.CPI.TOTL.ZG,2011,3.17447092151309
MYS,FP.CPI.TOTL.ZG,2012,1.66357102479204
MYS,FP.CPI.TOTL.ZG,2013,2.10501231233614
MYS,FP.CPI.TOTL.ZG,2014,3.14299050879107
MYS,FP.CPI.TOTL.ZG,2015,2.10438980238344
MYS,FP.CPI.TOTL.ZG,2016,2.09056659525745
MYS,FP.CPI.TOTL.ZG,2017,3.8712011577424
MYS,FP.CPI.TOTL.ZG,2018,0.884709160571244
MYS,FP.CPI.TOTL.ZG,2019,0.662891865764376
MYS,FP.CPI.TOTL.ZG,2020,-1.13870215393056
MYS,FP.CPI.TOTL.ZG,2021,2.47710241465444
MYS,FP.CPI.TOTL.ZG,2022,3.37869862549938
MYS,NE.EXP.GNFS.CD,1960,1016914824.12369
MYS,NE.EXP.GNFS.CD,1961,921854684.766157
MYS,NE.EXP.GNFS.CD,1962,921528017.620598
MYS,NE.EXP.GNFS.CD,1963,1147581682.3471
MYS,NE.EXP.GNFS.CD,1964,1178941728.32072
MYS,NE.EXP.GNFS.CD,1965,1327248612.40429
MYS,NE.EXP.GNFS.CD,1966,1336395292.47992
MYS,NE.EXP.GNFS.CD,1967,1306341915.08854
MYS,NE.EXP.GNFS.CD,1968,1439622110.47642
MYS,NE.EXP.GNFS.CD,1969,1730355870.02351
MYS,NE.EXP.GNFS.CD,1970,1760409247.41489
MYS,NE.EXP.GNFS.CD,1971,1717415705.68652
MYS,NE.EXP.GNFS.CD,1972,1816243493.34424
MYS,NE.EXP.GNFS.CD,1973,3178858810.37152
MYS,NE.EXP.GNFS.CD,1974,4587741651.01678
MYS,NE.EXP.GNFS.CD,1975,4235509660.22652
MYS,NE.EXP.GNFS.CD,1976,5726370461.14002
MYS,NE.EXP.GNFS.CD,1977,6588432866.06826
MYS,NE.EXP.GNFS.CD,1978,8024467035.6488
MYS,NE.EXP.GNFS.CD,1979,11882427758.9815
MYS,NE.EXP.GNFS.CD,1980,14091706038.2584
MYS,NE.EXP.GNFS.CD,1981,13086963602.6282
MYS,NE.EXP.GNFS.CD,1982,13636256592.8043
MYS,NE.EXP.GNFS.CD,1983,15637264410.568
MYS,NE.EXP.GNFS.CD,1984,18420478106.0288
MYS,NE.EXP.GNFS.CD,1985,17131005319.4167
MYS,NE.EXP.GNFS.CD,1986,15613368498.8685
MYS,NE.EXP.GNFS.CD,1987,20240206431.7432
MYS,NE.EXP.GNFS.CD,1988,23426145729.2509
MYS,NE.EXP.GNFS.CD,1989,27728457120.3558
MYS,NE.EXP.GNFS.CD,1990,32783400341.9751
MYS,NE.EXP.GNFS.CD,1991,38245926680.2444
MYS,NE.EXP.GNFS.CD,1992,44957788510.6216
MYS,NE.EXP.GNFS.CD,1993,52793700310.2061
MYS,NE.EXP.GNFS.CD,1994,66398033836.3054
MYS,NE.EXP.GNFS.CD,1995,83462121212.1212
MYS,NE.EXP.GNFS.CD,1996,92359488035.6149
MYS,NE.EXP.GNFS.CD,1997,93294414081.9079
MYS,NE.EXP.GNFS.CD,1998,83529351814.1052
MYS,NE.EXP.GNFS.CD,1999,96016052631.5789
MYS,NE.EXP.GNFS.CD,2000,112369210526.316
MYS,NE.EXP.GNFS.CD,2001,102435789473.684
MYS,NE.EXP.GNFS.CD,2002,109221052631.579
MYS,NE.EXP.GNFS.CD,2003,117854210526.316
MYS,NE.EXP.GNFS.CD,2004,143927631578.947
MYS,NE.EXP.GNFS.CD,2005,162048889759.292
MYS,NE.EXP.GNFS.CD,2006,182517094350.921
MYS,NE.EXP.GNFS.CD,2007,205488216076.41
MYS,NE.EXP.GNFS.CD,2008,229656557581.814
MYS,NE.EXP.GNFS.CD,2009,184897279562.576
MYS,NE.EXP.GNFS.CD,2010,221687591457.52
MYS,NE.EXP.GNFS.CD,2011,254020011525.336
MYS,NE.EXP.GNFS.CD,2012,249353076892.375
MYS,NE.EXP.GNFS.CD,2013,244490751715.477
MYS,NE.EXP.GNFS.CD,2014,249470818567.919
MYS,NE.EXP.GNFS.CD,2015,209286952234.474
MYS,NE.EXP.GNFS.CD,2016,201164589989.215
MYS,NE.EXP.GNFS.CD,2017,223413843683.321
MYS,NE.EXP.GNFS.CD,2018,245967582280.051
MYS,NE.EXP.GNFS.CD,2019,238379876499.876
MYS,NE.EXP.GNFS.CD,2020,207798542897.938
MYS,NE.EXP.GNFS.CD,2021,256756159747.736
MYS,NE.EXP.GNFS.CD,2022,300001402697.727
MYS,NY.GDP.MKTP.CD,1960,1916229475.84631
MYS,NY.GDP.MKTP.CD,1961,1901856121.44173
MYS,NY.GDP.MKTP.CD,1962,2001489600.83708
MYS,NY.GDP.MKTP.CD,1963,2510110346.4717
MYS,NY.GDP.MKTP.CD,1964,2674423920.68764
MYS,NY.GDP.MKTP.CD,1965,2956337667.30465
MYS,NY.GDP.MKTP.CD,1966,3143517941.70968
MYS,NY.GDP.MKTP.CD,1967,3188924674.94232
MYS,NY.GDP.MKTP.CD,1968,3330371548.96916
MYS,NY.GDP.MKTP.CD,1969,3664552038.87553
MYS,NY.GDP.MKTP.CD,1970,3864145664.81179
MYS,NY.GDP.MKTP.CD,1971,4244395358.10166
MYS,NY.GDP.MKTP.CD,1972,5043347485.91194
MYS,NY.GDP.MKTP.CD,1973,7662903760.34323
MYS,NY.GDP.MKTP.CD,1974,9496205619.75383
MYS,NY.GDP.MKTP.CD,1975,9298800799.46702
MYS,NY.GDP.MKTP.CD,1976,11050234602.248
MYS,NY.GDP.MKTP.CD,1977,13139486857.958
MYS,NY.GDP.MKTP.CD,1978,16358082222.8997
MYS,NY.GDP.MKTP.CD,1979,21213268200.3906
MYS,NY.GDP.MKTP.CD,1980,24488220937.7845
MYS,NY.GDP.MKTP.CD,1981,25004285800.8297
MYS,NY.GDP.MKTP.CD,1982,26804497470.7328
MYS,NY.GDP.MKTP.CD,1983,30347442121.8264
MYS,NY.GDP.MKTP.CD,1984,33942902256.9454
MYS,NY.GDP.MKTP.CD,1985,31199637541.3219
MYS,NY.GDP.MKTP.CD,1986,27734114980.9699
MYS,NY.GDP.MKTP.CD,1987,32181205900.5823
MYS,NY.GDP.MKTP.CD,1988,35272104730.5683
MYS,NY.GDP.MKTP.CD,1989,38847970073.3093
MYS,NY.GDP.MKTP.CD,1990,44024585239.6137
MYS,NY.GDP.MKTP.CD,1991,49143148094.2683
MYS,NY.GDP.MKTP.CD,1992,59167550162.956
MYS,NY.GDP.MKTP.CD,1993,66894966968.9736
MYS,NY.GDP.MKTP.CD,1994,74478356957.7808
MYS,NY.GDP.MKTP.CD,1995,88705342902.7113
MYS,NY.GDP.MKTP.CD,1996,100855393910.486
MYS,NY.GDP.MKTP.CD,1997,100005323301.867
MYS,NY.GDP.MKTP.CD,1998,72167498980.8398
MYS,NY.GDP.MKTP.CD,1999,79148421052.6316
MYS,NY.GDP.MKTP.CD,2000,93789736842.1053
MYS,NY.GDP.MKTP.CD,2001,92783947368.4211
MYS,NY.GDP.MKTP.CD,2002,100845526315.789
MYS,NY.GDP.MKTP.CD,2003,110202368421.053
MYS,NY.GDP.MKTP.CD,2004,124749473684.211
MYS,NY.GDP.MKTP.CD,2005,143534418452.154
MYS,NY.GDP.MKTP.CD,2006,162692260155.07
MYS,NY.GDP.MKTP.CD,2007,193549547954.753
MYS,NY.GDP.MKTP.CD,2008,230811591306.52
MYS,NY.GDP.MKTP.CD,2009,202257458160.849
MYS,NY.GDP.MKTP.CD,2010,255017645207.18
MYS,NY.GDP.MKTP.CD,2011,297951667650.449
MYS,NY.GDP.MKTP.CD,2012,314443061220.138
MYS,NY.GDP.MKTP.CD,2013,323276281683.441
MYS,NY.GDP.MKTP.CD,2014,338066121289.413
MYS,NY.GDP.MKTP.CD,2015,301354783698.72
MYS,NY.GDP.MKTP.CD,2016,301255332137.075
MYS,NY.GDP.MKTP.CD,2017,319109103242.055
MYS,NY.GDP.MKTP.CD,2018,358788833524.945
MYS,NY.GDP.MKTP.CD,2019,365177744321.011
MYS,NY.GDP.MKTP.CD,2020,337339463179.961
MYS,NY.GDP.MKTP.CD,2021,372981073017.749
MYS,NY.GDP.MKTP.CD,2022,406305924656.071
MYS,NY.GDP.MKTP.KD.ZG,1961,7.59799400028281
MYS,NY.GDP.MKTP.KD.ZG,1962,6.42102960904312
MYS,NY.GDP.MKTP.KD.ZG,1963,7.33880352682334
MYS,NY.GDP.MKTP.KD.ZG,1964,5.35896290971056
MYS,NY.GDP.MKTP.KD.ZG,1965,7.68486347467319
MYS,NY.GDP.MKTP.KD.ZG,1966,7.81671102618819
MYS,NY.GDP.MKTP.KD.ZG,1967,3.85714649161983
MYS,NY.GDP.MKTP.KD.ZG,1968,7.97799464201174
MYS,NY.GDP.MKTP.KD.ZG,1969,4.88853365256124
MYS,NY.GDP.MKTP.KD.ZG,1970,5.98653863031986
MYS,NY.GDP.MKTP.KD.ZG,1971,10.0346605803438
MYS,NY.GDP.MKTP.KD.ZG,1972,9.38844499098961
MYS,NY.GDP.MKTP.KD.ZG,1973,11.7010816119945
MYS,NY.GDP.MKTP.KD.ZG,1974,8.31866197361978
MYS,NY.GDP.MKTP.KD.ZG,1975,0.801068092192338
MYS,NY.GDP.MKTP.KD.ZG,1976,11.5634897772546
MYS,NY.GDP.MKTP.KD.ZG,1977,7.75305838033998
MYS,NY.GDP.MKTP.KD.ZG,1978,6.65389221500463
MYS,NY.GDP.MKTP.KD.ZG,1979,9.34909993075928
MYS,NY.GDP.MKTP.KD.ZG,1980,7.44182677934407
MYS,NY.GDP.MKTP.KD.ZG,1981,6.94210420118173
MYS,NY.GDP.MKTP.KD.ZG,1982,5.94315245801018
MYS,NY.GDP.MKTP.KD.ZG,1983,6.25223081092673
MYS,NY.GDP.MKTP.KD.ZG,1984,7.76179012218883
MYS,NY.GDP.MKTP.KD.ZG,1985,-1.02525025342071
MYS,NY.GDP.MKTP.KD.ZG,1986,1.24059492750688
MYS,NY.GDP.MKTP.KD.ZG,1987,5.19193211272702
MYS,NY.GDP.MKTP.KD.ZG,1988,9.93771967651989
MYS,NY.GDP.MKTP.KD.ZG,1989,9.0596008665043
MYS,NY.GDP.MKTP.KD.ZG,1990,9.00852713774628
MYS,NY.GDP.MKTP.KD.ZG,1991,9.54546741443052
MYS,NY.GDP.MKTP.KD.ZG,1992,8.88511797832156
MYS,NY.GDP.MKTP.KD.ZG,1993,9.89494333377064
MYS,NY.GDP.MKTP.KD.ZG,1994,9.21204179334867
MYS,NY.GDP.MKTP.KD.ZG,1995,9.82908519730812
MYS,NY.GDP.MKTP.KD.ZG,1996,10.0027006861844
MYS,NY.GDP.MKTP.KD.ZG,1997,7.32274185035924
MYS,NY.GDP.MKTP.KD.ZG,1998,-7.35941518817556
MYS,NY.GDP.MKTP.KD.ZG,1999,6.13761201057692
MYS,NY.GDP.MKTP.KD.ZG,2000,8.85886816969386
MYS,NY.GDP.MKTP.KD.ZG,2001,0.517675319192861
MYS,NY.GDP.MKTP.KD.ZG,2002,5.39098830692797
MYS,NY.GDP.MKTP.KD.ZG,2003,5.7884992858875
MYS,NY.GDP.MKTP.KD.ZG,2004,6.78343772370305
MYS,NY.GDP.MKTP.KD.ZG,2005,5.33213916141486
MYS,NY.GDP.MKTP.KD.ZG,2006,5.5848470671515
MYS,NY.GDP.MKTP.KD.ZG,2007,6.29878592740947
MYS,NY.GDP.MKTP.KD.ZG,2008,4.83176988913097
MYS,NY.GDP.MKTP.KD.ZG,2009,-1.51352871598714
MYS,NY.GDP.MKTP.KD.ZG,2010,7.42484738326097
MYS,NY.GDP.MKTP.KD.ZG,2011,5.29391283414003
MYS,NY.GDP.MKTP.KD.ZG,2012,5.47345419253853
MYS,NY.GDP.MKTP.KD.ZG,2013,4.69372252557893
MYS,NY.GDP.MKTP.KD.ZG,2014,6.00672194558203
MYS,NY.GDP.MKTP.KD.ZG,2015,5.09153242155011
MYS,NY.GDP.MKTP.KD.ZG,2016,4.44978139761541
MYS,NY.GDP.MKTP.KD.ZG,2017,5.81272240983328
MYS,NY.GDP.MKTP.KD.ZG,2018,4.84308697634881
MYS,NY.GDP.MKTP.KD.ZG,2019,4.41318742129586
MYS,NY.GDP.MKTP.KD.ZG,2020,-5.53443529719299
MYS,NY.GDP.MKTP.KD.ZG,2021,3.09216261593808
MYS,NY.GDP.MKTP.KD.ZG,2022,8.69434320308062
MYS,SP.POP.TOTL,1960,7833782.0
MYS,SP.POP.TOTL,1961,8074805.0
MYS,SP.POP.TOTL,1962,8324218.0
MYS,SP.POP.TOTL,1963,8579350.0
MYS,SP.POP.TOTL,1964,8835925.0
MYS,SP.POP.TOTL,1965,9091016.0
MYS,SP.POP.TOTL,1966,9340240.0
MYS,SP.POP.TOTL,1967,9582086.0
MYS,SP.POP.TOTL,1968,9821308.0
MYS,SP.POP.TOTL,1969,10061684.0
MYS,SP.POP.TOTL,1970,10306508.0
MYS,SP.POP.TOTL,1971,10552557.0
MYS,SP.POP.TOTL,1972,10801619.0
MYS,SP.POP.TOTL,1973,11062664.0
MYS,SP.POP.TOTL,1974,11335187.0
MYS,SP.POP.TOTL,1975,11617947.0
MYS,SP.POP.TOTL,1976,11910081.0
MYS,SP.POP.TOTL,1977,12218924.0
MYS,SP.POP.TOTL,1978,12543892.0
MYS,SP.POP.TOTL,1979,12875011.0
MYS,SP.POP.TOTL,1980,13215707.0
MYS,SP.POP.TOTL,1981,13564594.0
MYS,SP.POP.TOTL,1982,13921029.0
MYS,SP.POP.TOTL,1983,14292862.0
MYS,SP.POP.TOTL,1984,14686454.0
MYS,SP.POP.TOTL,1985,15108135.0
MYS,SP.POP.TOTL,1986,15558740.0
MYS,SP.POP.TOTL,1987,16033103.0
MYS,SP.POP.TOTL,1988,16524616.0
MYS,SP.POP.TOTL,1989,17020143.0
MYS,SP.POP.TOTL,1990,17517054.0
MYS,SP.POP.TOTL,1991,18017464.0
MYS,SP.POP.TOTL,1992,18526708.0
MYS,SP.POP.TOTL,1993,19050077.0
MYS,SP.POP.TOTL,1994,19588703.0
MYS,SP.POP.TOTL,1995,20136888.0
MYS,SP.POP.TOTL,1996,20689051.0
MYS,SP.POP.TOTL,1997,21249178.0
MYS,SP.POP.TOTL,1998,21810542.0
MYS,SP.POP.TOTL,1999,22368655.0
MYS,SP.POP.TOTL,2000,22945150.0
MYS,SP.POP.TOTL,2001,23542517.0
MYS,SP.POP.TOTL,2002,24142445.0
MYS,SP.POP.TOTL,2003,24739411.0
MYS,SP.POP.TOTL,2004,25333247.0
MYS,SP.POP.TOTL,2005,25923536.0
MYS,SP.POP.TOTL,2006,26509413.0
MYS,SP.POP.TOTL,2007,27092604.0
MYS,SP.POP.TOTL,2008,27664296.0
MYS,SP.POP.TOTL,2009,28217204.0
MYS,SP.POP.TOTL,2010,28717731.0
MYS,SP.POP.TOTL,2011,29184133.0
MYS,SP.POP.TOTL,2012,29660212.0
MYS,SP.POP.TOTL,2013,30134807.0
MYS,SP.POP.TOTL,2014,30606459.0
MYS,SP.POP.TOTL,2015,31068833.0
MYS,SP.POP.TOTL,2016,31526418.0
MYS,SP.POP.TOTL,2017,31975806.0
MYS,SP.POP.TOTL,2018,32399271.0
MYS,SP.POP.TOTL,2019,32804020.0
MYS,SP.POP.TOTL,2020,33199993.0
MYS,SP.POP.TOTL,2021,33573874.0
MYS,SP.POP.TOTL,2022,33938221.0
SGP,BX.KLT.DINV.CD.WD,1970,93000000.0
SGP,BX.KLT.DINV.CD.WD,1971,116000000.0
SGP,BX.KLT.DINV.CD.WD,1972,161066666.723935
SGP,BX.KLT.DINV.CD.WD,1973,352816700.92403
SGP,BX.KLT.DINV.CD.WD,1974,340190955.715055
SGP,BX.KLT.DINV.CD.WD,1975,291823050.760134
SGP,BX.KLT.DINV.CD.WD,1976,230690621.686814
SGP,BX.KLT.DINV.CD.WD,1977,291465114.461998
SGP,BX.KLT.DINV.CD.WD,1978,299908752.212453
SGP,BX.KLT.DINV.CD.WD,1979,836031838.203172
SGP,BX.KLT.DINV.CD.WD,1980,1235750842.05265
SGP,BX.KLT.DINV.CD.WD,1981,1659967735.20666
SGP,BX.KLT.DINV.CD.WD,1982,1601850446.29613
SGP,BX.KLT.DINV.CD.WD,1983,1133905965.84743
SGP,BX.KLT.DINV.CD.WD,1984,1301871313.24794
SGP,BX.KLT.DINV.CD.WD,1985,1046746812.8759
SGP,BX.KLT.DINV.CD.WD,1986,1710283593.07362
SGP,BX.KLT.DINV.CD.WD,1987,2836204781.61429
SGP,BX.KLT.DINV.CD.WD,1988,3654794588.61821
SGP,BX.KLT.DINV.CD.WD,1989,2886591947.22067
SGP,BX.KLT.DINV.CD.WD,1990,5574738855.37738
SGP,BX.KLT.DINV.CD.WD,1991,4887094440.10304
SGP,BX.KLT.DINV.CD.WD,1992,2204342221.03992
SGP,BX.KLT.DINV.CD.WD,1993,4686312017.4899
SGP,BX.KLT.DINV.CD.WD,1994,8550165226.98864
SGP,BX.KLT.DINV.CD.WD,1995,11942852103.3601
SGP,BX.KLT.DINV.CD.WD,1996,11432363956.363
SGP,BX.KLT.DINV.CD.WD,1997,15701783678.7863
SGP,BX.KLT.DINV.CD.WD,1998,5958646073.68738
SGP,BX.KLT.DINV.CD.WD,1999,18852989358.6266
SGP,BX.KLT.DINV.CD.WD,2000,15515295182.2255
SGP,BX.KLT.DINV.CD.WD,2001,17006818857.2728
SGP,BX.KLT.DINV.CD.WD,2002,6157194143.82425
SGP,BX.KLT.DINV.CD.WD,2003,17051420152.8733
SGP,BX.KLT.DINV.CD.WD,2004,24390254965.552
SGP,BX.KLT.DINV.CD.WD,2005,19316058814.0754
SGP,BX.KLT.DINV.CD.WD,2006,39129332046.6561
SGP,BX.KLT.DINV.CD.WD,2007,47337947782.775
SGP,BX.KLT.DINV.CD.WD,2008,13598298537.0175
SGP,BX.KLT.DINV.CD.WD,2009,23436064059.7507
SGP,BX.KLT.DINV.CD.WD,2010,55322434161.8742
SGP,BX.KLT.DINV.CD.WD,2011,49155657316.2946
SGP,BX.KLT.DINV.CD.WD,2012,55310807547.7035
SGP,BX.KLT.DINV.CD.WD,2013,64389514904.4993
SGP,BX.KLT.DINV.CD.WD,2014,68698472830.5907
SGP,BX.KLT.DINV.CD.WD,2015,69774553124.9432
SGP,BX.KLT.DINV.CD.WD,2016,65362989166.9481
SGP,BX.KLT.DINV.CD.WD,2017,102159784202.618
SGP,BX.KLT.DINV.CD.WD,2018,81160897313.1265
SGP,BX.KLT.DINV.CD.WD,2019,105293129463.222
SGP,BX.KLT.DINV.CD.WD,2020,78447583786.8198
SGP,BX.KLT.DINV.CD.WD,2021,138544182411.394
SGP,BX.KLT.DINV.CD.WD,2022,140844052224.371
SGP,FP.CPI.TOTL.ZG,1961,0.400000000000126
SGP,FP.CPI.TOTL.ZG,1962,0.419580419580255
SGP,FP.CPI.TOTL.ZG,1963,2.20519962859834
SGP,FP.CPI.TOTL.ZG,1964,1.72609584374286
SGP,FP.CPI.TOTL.ZG,1965,0.178611297164591
SGP,FP.CPI.TOTL.ZG,1966,2.00579451749493
SGP,FP.CPI.TOTL.ZG,1967,3.34280096132818
SGP,FP.CPI.TOTL.ZG,1968,0.655391120507384
SGP,FP.CPI.TOTL.ZG,1969,-0.273051879856958
SGP,FP.CPI.TOTL.ZG,1970,0.463352990732644
SGP,FP.CPI.TOTL.ZG,1971,1.76100628930819
SGP,FP.CPI.TOTL.ZG,1972,2.08075813761878
SGP,FP.CPI.TOTL.ZG,1973,19.6367305751765
SGP,FP.CPI.TOTL.ZG,1974,22.3684210526315
SGP,FP.CPI.TOTL.ZG,1975,2.53653156878949
SGP,FP.CPI.TOTL.ZG,1976,-1.84189298198423
SGP,FP.CPI.TOTL.ZG,1977,3.16395014381584
SGP,FP.CPI.TOTL.ZG,1978,4.87254381306425
SGP,FP.CPI.TOTL.ZG,1979,4.07646537536399
SGP,FP.CPI.TOTL.ZG,1980,8.52694319425859
SGP,FP.CPI.TOTL.ZG,1981,8.18202196816848
SGP,FP.CPI.TOTL.ZG,1982,3.91628677994199
SGP,FP.CPI.TOTL.ZG,1983,1.19641076769694
SGP,FP.CPI.TOTL.ZG,1984,2.60098522167485
SGP,FP.CPI.TOTL.ZG,1985,0.480122911465352
SGP,FP.CPI.TOTL.ZG,1986,-1.38570336391444
SGP,FP.CPI.TOTL.ZG,1987,0.523306521949805
SGP,FP.CPI.TOTL.ZG,1988,1.5231851923263
SGP,FP.CPI.TOTL.ZG,1989,2.34545627195899
SGP,FP.CPI.TOTL.ZG,1990,3.46075338652821
SGP,FP.CPI.TOTL.ZG,1991,3.42570173078644
SGP,FP.CPI.TOTL.ZG,1992,2.26307118702849
SGP,FP.CPI.TOTL.ZG,1993,2.28929964388642
SGP,FP.CPI.TOTL.ZG,1994,3.10013262599503
SGP,FP.CPI.TOTL.ZG,1995,1.72053384788524
SGP,FP.CPI.TOTL.ZG,1996,1.38318052481878
SGP,FP.CPI.TOTL.ZG,1997,2.00358618538958
SGP,FP.CPI.TOTL.ZG,1998,-0.267502292876127
SGP,FP.CPI.TOTL.ZG,1999,0.0167098337370759
SGP,FP.CPI.TOTL.ZG,2000,1.36162392448455
SGP,FP.CPI.TOTL.ZG,2001,0.997197956155967
SGP,FP.CPI.TOTL.ZG,2002,-0.391676866585079
SGP,FP.CPI.TOTL.ZG,2003,0.507905300237539
SGP,FP.CPI.TOTL.ZG,2004,1.66272719863073
SGP,FP.CPI.TOTL.ZG,2005,0.425106276569101
SGP,FP.CPI.TOTL.ZG,2006,0.962901778165128
SGP,FP.CPI.TOTL.ZG,2007,2.10488003633213
SGP,FP.CPI.TOTL.ZG,2008,6.62778177352127
SGP,FP.CPI.TOTL.ZG,2009,0.596720257424972
SGP,FP.CPI.TOTL.ZG,2010,2.82366134885609
SGP,FP.CPI.TOTL.ZG,2011,5.2477933984048
SGP,FP.CPI.TOTL.ZG,2012,4.57560270376522
SGP,FP.CPI.TOTL.ZG,2013,2.35860415399836
SGP,FP.CPI.TOTL.ZG,2014,1.02514803039394
SGP,FP.CPI.TOTL.ZG,2015,-0.522618167075314
SGP,FP.CPI.TOTL.ZG,2016,-0.53226873971629
SGP,FP.CPI.TOTL.ZG,2017,0.576260310166371
SGP,FP.CPI.TOTL.ZG,2018,0.438620118446782
SGP,FP.CPI.TOTL.ZG,2019,0.565260568780358
SGP,FP.CPI.TOTL.ZG,2020,-0.181916666666656
SGP,FP.CPI.TOTL.ZG,2021,2.30485959040487
SGP,FP.CPI.TOTL.ZG,2022,6.12106004039414
SGP,NE.EXP.GNFS.CD,1960,1147516348.91799
SGP,NE.EXP.GNFS.CD,1961,1089010263.14845
SGP,NE.EXP.GNFS.CD,1962,1141211673.00871
SGP,NE.EXP.GNFS.CD,1963,1295235232.13955
SGP,NE.EXP.GNFS.CD,1964,1091623600.31292
SGP,NE.EXP.GNFS.CD,1965,1201122427.50414
SGP,NE.EXP.GNFS.CD,1966,1351650648.17751
SGP,NE.EXP.GNFS.CD,1967,1414991407.70131
SGP,NE.EXP.GNFS.CD,1968,1791540626.38662
SGP,NE.EXP.GNFS.CD,1969,2193145215.13627
SGP,NE.EXP.GNFS.CD,1970,2420440215.01589
SGP,NE.EXP.GNFS.CD,1971,2704396968.50908
SGP,NE.EXP.GNFS.CD,1972,2904841511.78418
SGP,NE.EXP.GNFS.CD,1973,4373973333.33333
SGP,NE.EXP.GNFS.CD,1974,7804712297.55026
SGP,NE.EXP.GNFS.CD,1975,7724978456.23538
SGP,NE.EXP.GNFS.CD,1976,9457765782.48218
SGP,NE.EXP.GNFS.CD,1977,10772340942.205
SGP,NE.EXP.GNFS.CD,1978,12436295810.4452
SGP,NE.EXP.GNFS.CD,1979,17169305189.0941
SGP,NE.EXP.GNFS.CD,1980,24031178147.7053
SGP,NE.EXP.GNFS.CD,1981,28092845133.57
SGP,NE.EXP.GNFS.CD,1982,29812562124.2959
SGP,NE.EXP.GNFS.CD,1983,29675560747.6636
SGP,NE.EXP.GNFS.CD,1984,30900662565.0734
SGP,NE.EXP.GNFS.CD,1985,29160517556.6077
SGP,NE.EXP.GNFS.CD,1986,27644243443.4798
SGP,NE.EXP.GNFS.CD,1987,34308211628.5478
SGP,NE.EXP.GNFS.CD,1988,46864672364.6724
SGP,NE.EXP.GNFS.CD,1989,54623086861.459
SGP,NE.EXP.GNFS.CD,1990,64045069989.2324
SGP,NE.EXP.GNFS.CD,1991,76631490593.343
SGP,NE.EXP.GNFS.CD,1992,84309889705.1299
SGP,NE.EXP.GNFS.CD,1993,97966393133.5999
SGP,NE.EXP.GNFS.CD,1994,122465752976.241
SGP,NE.EXP.GNFS.CD,1995,159046900079.372
SGP,NE.EXP.GNFS.CD,1996,169132194162.226
SGP,NE.EXP.GNFS.CD,1997,169506473068.589
SGP,NE.EXP.GNFS.CD,1998,142984023478.306
SGP,NE.EXP.GNFS.CD,1999,152507733727.706
SGP,NE.EXP.GNFS.CD,2000,180960983315.577
SGP,NE.EXP.GNFS.CD,2001,164227663603.041
SGP,NE.EXP.GNFS.CD,2002,170350266625.588
SGP,NE.EXP.GNFS.CD,2003,197818101807.12
SGP,NE.EXP.GNFS.CD,2004,246116274231.194
SGP,NE.EXP.GNFS.CD,2005,287771641089.343
SGP,NE.EXP.GNFS.CD,2006,338926051019.553
SGP,NE.EXP.GNFS.CD,2007,385006740310.595
SGP,NE.EXP.GNFS.CD,2008,443371662584.013
SGP,NE.EXP.GNFS.CD,2009,370526055886.957
SGP,NE.EXP.GNFS.CD,2010,474817193392.047
SGP,NE.EXP.GNFS.CD,2011,568009224023.61
SGP,NE.EXP.GNFS.CD,2012,580505492422.743
SGP,NE.EXP.GNFS.CD,2013,600013186286.262
SGP,NE.EXP.GNFS.CD,2014,604391776173.0
SGP,NE.EXP.GNFS.CD,2015,549421999163.53
SGP,NE.EXP.GNFS.CD,2016,525353053001.875
SGP,NE.EXP.GNFS.CD,2017,588934808190.162
SGP,NE.EXP.GNFS.CD,2018,668379856790.701
SGP,NE.EXP.GNFS.CD,2019,661705667108.536
SGP,NE.EXP.GNFS.CD,2020,634034052268.237
SGP,NE.EXP.GNFS.CD,2021,781068118944.537
SGP,NE.EXP.GNFS.CD,2022,870805996131.526
SGP,NY.GDP.MKTP.CD,1960,704751699.827961
SGP,NY.GDP.MKTP.CD,1961,764629787.608839
SGP,NY.GDP.MKTP.CD,1962,826239211.261177
SGP,NY.GDP.MKTP.CD,1963,917608011.873896
SGP,NY.GDP.MKTP.CD,1964,894153310.822794
SGP,NY.GDP.MKTP.CD,1965,974644095.488414
SGP,NY.GDP.MKTP.CD,1966,1096425607.35263
SGP,NY.GDP.MKTP.CD,1967,1238035814.95225
SGP,NY.GDP.MKTP.CD,1968,1425706090.07563
SGP,NY.GDP.MKTP.CD,1969,1659893766.72653
SGP,NY.GDP.MKTP.CD,1970,1920574148.88223
SGP,NY.GDP.MKTP.CD,1971,2263785443.61688
SGP,NY.GDP.MKTP.CD,1972,2721440980.75851
SGP,NY.GDP.MKTP.CD,1973,3696213333.33333
SGP,NY.GDP.MKTP.CD,1974,5221534955.64418
SGP,NY.GDP.MKTP.CD,1975,5633673929.99302
SGP,NY.GDP.MKTP.CD,1976,6327077974.10703
SGP,NY.GDP.MKTP.CD,1977,6618585073.66035
SGP,NY.GDP.MKTP.CD,1978,7517176354.84135
SGP,NY.GDP.MKTP.CD,1979,9296921723.83465
SGP,NY.GDP.MKTP.CD,1980,11896256782.8566
SGP,NY.GDP.MKTP.CD,1981,14175228843.6391
SGP,NY.GDP.MKTP.CD,1982,16084252378.473
SGP,NY.GDP.MKTP.CD,1983,17784112149.5327
SGP,NY.GDP.MKTP.CD,1984,19749361097.965
SGP,NY.GDP.MKTP.CD,1985,19156532745.7691
SGP,NY.GDP.MKTP.CD,1986,18586746056.9974
SGP,NY.GDP.MKTP.CD,1987,20919215578.2125
SGP,NY.GDP.MKTP.CD,1988,25371462488.1292
SGP,NY.GDP.MKTP.CD,1989,30465364738.6206
SGP,NY.GDP.MKTP.CD,1990,36144336768.7023
SGP,NY.GDP.MKTP.CD,1991,45466164978.2923
SGP,NY.GDP.MKTP.CD,1992,52131330700.4439
SGP,NY.GDP.MKTP.CD,1993,60603821967.4681
SGP,NY.GDP.MKTP.CD,1994,73688716390.6153
SGP,NY.GDP.MKTP.CD,1995,87812540788.4293
SGP,NY.GDP.MKTP.CD,1996,96293097894.9194
SGP,NY.GDP.MKTP.CD,1997,100123798454.007
SGP,NY.GDP.MKTP.CD,1998,85728224856.3725
SGP,NY.GDP.MKTP.CD,1999,86286866724.2229
SGP,NY.GDP.MKTP.CD,2000,96076521349.0621
SGP,NY.GDP.MKTP.CD,2001,89793815727.6029
SGP,NY.GDP.MKTP.CD,2002,92538355642.8848
SGP,NY.GDP.MKTP.CD,2003,97646382412.8729
SGP,NY.GDP.MKTP.CD,2004,115033570415.043
SGP,NY.GDP.MKTP.CD,2005,127807810333.769
SGP,NY.GDP.MKTP.CD,2006,148627255181.674
SGP,NY.GDP.MKTP.CD,2007,180941741377.766
SGP,NY.GDP.MKTP.CD,2008,193617346346.785
SGP,NY.GDP.MKTP.CD,2009,194150322022.092
SGP,NY.GDP.MKTP.CD,2010,239807921966.007
SGP,NY.GDP.MKTP.CD,2011,279356526366.334
SGP,NY.GDP.MKTP.CD,2012,295092839974.919
SGP,NY.GDP.MKTP.CD,2013,307576360584.992
SGP,NY.GDP.MKTP.CD,2014,314863580758.455
SGP,NY.GDP.MKTP.CD,2015,307998545269.398
SGP,NY.GDP.MKTP.CD,2016,319029973659.293
SGP,NY.GDP.MKTP.CD,2017,343272878686.388
SGP,NY.GDP.MKTP.CD,2018,376869585632.115
SGP,NY.GDP.MKTP.CD,2019,376837488316.973
SGP,NY.GDP.MKTP.CD,2020,348392174863.651
SGP,NY.GDP.MKTP.CD,2021,423796995372.726
SGP,NY.GDP.MKTP.CD,2022,466788539651.836
SGP,NY.GDP.MKTP.KD.ZG,1961,8.13752950817668
SGP,NY.GDP.MKTP.KD.ZG,1962,7.55344418052258
SGP,NY.GDP.MKTP.KD.ZG,1963,10.0401733131415
SGP,NY.GDP.MKTP.KD.ZG,1964,-3.10316815597076
SGP,NY.GDP.MKTP.KD.ZG,1965,7.83426046474929
SGP,NY.GDP.MKTP.KD.ZG,1966,10.180095306912
SGP,NY.GDP.MKTP.KD.ZG,1967,12.508612746034
SGP,NY.GDP.MKTP.KD.ZG,1968,13.5269942226387
SGP,NY.GDP.MKTP.KD.ZG,1969,13.8338251160131
SGP,NY.GDP.MKTP.KD.ZG,1970,13.9420030031916
SGP,NY.GDP.MKTP.KD.ZG,1971,12.4134371586342
SGP,NY.GDP.MKTP.KD.ZG,1972,13.3155626083739
SGP,NY.GDP.MKTP.KD.ZG,1973,10.6030030171787
SGP,NY.GDP.MKTP.KD.ZG,1974,6.11740437109883
SGP,NY.GDP.MKTP.KD.ZG,1975,3.98873862550901
SGP,NY.GDP.MKTP.KD.ZG,1976,7.43716681814959
SGP,NY.GDP.MKTP.KD.ZG,1977,6.85244239382494
SGP,NY.GDP.MKTP.KD.ZG,1978,7.77718195422017
SGP,NY.GDP.MKTP.KD.ZG,1979,9.55444873972347
SGP,NY.GDP.MKTP.KD.ZG,1980,10.1133721068475
SGP,NY.GDP.MKTP.KD.ZG,1981,10.8159232986752
SGP,NY.GDP.MKTP.KD.ZG,1982,7.10214484891354
SGP,NY.GDP.MKTP.KD.ZG,1983,8.55448210614414
SGP,NY.GDP.MKTP.KD.ZG,1984,8.79228623912256
SGP,NY.GDP.MKTP.KD.ZG,1985,-0.622701650113157
SGP,NY.GDP.MKTP.KD.ZG,1986,1.34281041445436
SGP,NY.GDP.MKTP.KD.ZG,1987,10.7979324702819
SGP,NY.GDP.MKTP.KD.ZG,1988,11.26359213382
SGP,NY.GDP.MKTP.KD.ZG,1989,10.1588286387889
SGP,NY.GDP.MKTP.KD.ZG,1990,9.82089955731777
SGP,NY.GDP.MKTP.KD.ZG,1991,6.68839753958379
SGP,NY.GDP.MKTP.KD.ZG,1992,6.63980556949564
SGP,NY.GDP.MKTP.KD.ZG,1993,11.459650875246
SGP,NY.GDP.MKTP.KD.ZG,1994,11.0956893100227
SGP,NY.GDP.MKTP.KD.ZG,1995,7.17540112091071
SGP,NY.GDP.MKTP.KD.ZG,1996,7.47139086002002
SGP,NY.GDP.MKTP.KD.ZG,1997,8.31620911124497
SGP,NY.GDP.MKTP.KD.ZG,1998,-2.19101500611274
SGP,NY.GDP.MKTP.KD.ZG,1999,5.71837175710837
SGP,NY.GDP.MKTP.KD.ZG,2000,9.03831632555163
SGP,NY.GDP.MKTP.KD.ZG,2001,-1.07086275100448
SGP,NY.GDP.MKTP.KD.ZG,2002,3.92336076702013
SGP,NY.GDP.MKTP.KD.ZG,2003,4.54825542643229
SGP,NY.GDP.MKTP.KD.ZG,2004,9.93998268434957
SGP,NY.GDP.MKTP.KD.ZG,2005,7.36632239250758
SGP,NY.GDP.MKTP.KD.ZG,2006,9.00676607871758
SGP,NY.GDP.MKTP.KD.ZG,2007,9.02151951268893
SGP,NY.GDP.MKTP.KD.ZG,2008,1.86348345462035
SGP,NY.GDP.MKTP.KD.ZG,2009,0.127953382778088
SGP,NY.GDP.MKTP.KD.ZG,2010,14.5197497108994
SGP,NY.GDP.MKTP.KD.ZG,2011,6.21493416858989
SGP,NY.GDP.MKTP.KD.ZG,2012,4.43549759378537
SGP,NY.GDP.MKTP.KD.ZG,2013,4.81763099120676
SGP,NY.GDP.MKTP.KD.ZG,2014,3.93554027709007
SGP,NY.GDP.MKTP.KD.ZG,2015,2.97679931634806
SGP,NY.GDP.MKTP.KD.ZG,2016,3.60165603913242
SGP,NY.GDP.MKTP.KD.ZG,2017,4.54472821784424
SGP,NY.GDP.MKTP.KD.ZG,2018,3.57543271019112
SGP,NY.GDP.MKTP.KD.ZG,2019,1.33126132689951
SGP,NY.GDP.MKTP.KD.ZG,2020,-3.90105340221118
SGP,NY.GDP.MKTP.KD.ZG,2021,8.88235399664532
SGP,NY.GDP.MKTP.KD.ZG,2022,3.64697207108541
SGP,SP.POP.TOTL,1960,1646400.0
SGP,SP.POP.TOTL,1961,1702400.0
SGP,SP.POP.TOTL,1962,1750200.0
SGP,SP.POP.TOTL,1963,1795000.0
SGP,SP.POP.TOTL,1964,1841600.0
SGP,SP.POP.TOTL,1965,1886900.0
SGP,SP.POP.TOTL,1966,1934400.0
SGP,SP.POP.TOTL,1967,1977600.0
SGP,SP.POP.TOTL,1968,2012000.0
SGP,SP.POP.TOTL,1969,2042500.0
SGP,SP.POP.TOTL,1970,2074507.0
SGP,SP.POP.TOTL,1971,2112900.0
SGP,SP.POP.TOTL,1972,2152400.0
SGP,SP.POP.TOTL,1973,2193000.0
SGP,SP.POP.TOTL,1974,2229800.0
SGP,SP.POP.TOTL,1975,2262600.0
SGP,SP.POP.TOTL,1976,2293300.0
SGP,SP.POP.TOTL,1977,2325300.0
SGP,SP.POP.TOTL,1978,2353600.0
SGP,SP.POP.TOTL,1979,2383500.0
SGP,SP.POP.TOTL,1980,2413945.0
SGP,SP.POP.TOTL,1981,2532835.0
SGP,SP.POP.TOTL,1982,2646466.0
SGP,SP.POP.TOTL,1983,2681061.0
SGP,SP.POP.TOTL,1984,2732221.0
SGP,SP.POP.TOTL,1985,2735957.0
SGP,SP.POP.TOTL,1986,2733373.0
SGP,SP.POP.TOTL,1987,2774789.0
SGP,SP.POP.TOTL,1988,2846108.0
SGP,SP.POP.TOTL,1989,2930901.0
SGP,SP.POP.TOTL,1990,3047132.0
SGP,SP.POP.TOTL,1991,3135083.0
SGP,SP.POP.TOTL,1992,3230698.0
SGP,SP.POP.TOTL,1993,3313471.0
SGP,SP.POP.TOTL,1994,3419048.0
SGP,SP.POP.TOTL,1995,3524506.0
SGP,SP.POP.TOTL,1996,3670704.0
SGP,SP.POP.TOTL,1997,3796038.0
SGP,SP.POP.TOTL,1998,3927213.0
SGP,SP.POP.TOTL,1999,3958723.0
SGP,SP.POP.TOTL,2000,4027887.0
SGP,SP.POP.TOTL,2001,4138012.0
SGP,SP.POP.TOTL,2002,4175950.0
SGP,SP.POP.TOTL,2003,4114826.0
SGP,SP.POP.TOTL,2004,4166664.0
SGP,SP.POP.TOTL,2005,4265762.0
SGP,SP.POP.TOTL,2006,4401365.0
SGP,SP.POP.TOTL,2007,4588599.0
SGP,SP.POP.TOTL,2008,4839396.0
SGP,SP.POP.TOTL,2009,4987573.0
SGP,SP.POP.TOTL,2010,5076732.0
SGP,SP.POP.TOTL,2011,5183688.0
SGP,SP.POP.TOTL,2012,5312437.0
SGP,SP.POP.TOTL,2013,5399162.0
SGP,SP.POP.TOTL,2014,5469724.0
SGP,SP.POP.TOTL,2015,5535002.0
SGP,SP.POP.TOTL,2016,5607283.0
SGP,SP.POP.TOTL,2017,5612253.0
SGP,SP.POP.TOTL,2018,5638676.0
SGP,SP.POP.TOTL,2019,5703569.0
SGP,SP.POP.TOTL,2020,5685807.0
SGP,SP.POP.TOTL,2021,5453566.0
SGP,SP.POP.TOTL,2022,5637022.0
VNM,BX.KLT.DINV.CD.WD,1970,70000.0
VNM,BX.KLT.DINV.CD.WD,1971,1820000.0
VNM,BX.KLT.DINV.CD.WD,1972,-890000.0
VNM,BX.KLT.DINV.CD.WD,1973,1030000.0
VNM,BX.KLT.DINV.CD.WD,1974,1250000.0
VNM,BX.KLT.DINV.CD.WD,1975,4089999.9
VNM,BX.KLT.DINV.CD.WD,1976,-340000.0
VNM,BX.KLT.DINV.CD.WD,1977,-10000.0
VNM,BX.KLT.DINV.CD.WD,1978,463333.3
VNM,BX.KLT.DINV.CD.WD,1979,-60000.0
VNM,BX.KLT.DINV.CD.WD,1980,1666666.6
VNM,BX.KLT.DINV.CD.WD,1981,17910000.0
VNM,BX.KLT.DINV.CD.WD,1982,13050000.0
VNM,BX.KLT.DINV.CD.WD,1983,131111.1
VNM,BX.KLT.DINV.CD.WD,1984,690000.0
VNM,BX.KLT.DINV.CD.WD,1985,-80000.0
VNM,BX.KLT.DINV.CD.WD,1986,40000.0
VNM,BX.KLT.DINV.CD.WD,1987,10363703.7
VNM,BX.KLT.DINV.CD.WD,1988,7679999.9
VNM,BX.KLT.DINV.CD.WD,1989,4070000.0
VNM,BX.KLT.DINV.CD.WD,1990,180000000.0
VNM,BX.KLT.DINV.CD.WD,1991,375190278.0
VNM,BX.KLT.DINV.CD.WD,1992,473945856.0
VNM,BX.KLT.DINV.CD.WD,1993,926303714.9
VNM,BX.KLT.DINV.CD.WD,1994,1944515936.0
VNM,BX.KLT.DINV.CD.WD,1995,1780400000.0
VNM,BX.KLT.DINV.CD.WD,1996,2395000000.0
VNM,BX.KLT.DINV.CD.WD,1997,2220000000.0
VNM,BX.KLT.DINV.CD.WD,1998,1671000000.0
VNM,BX.KLT.DINV.CD.WD,1999,1412000000.0
VNM,BX.KLT.DINV.CD.WD,2000,1298000000.0
VNM,BX.KLT.DINV.CD.WD,2001,1300000000.0
VNM,BX.KLT.DINV.CD.WD,2002,1400000000.0
VNM,BX.KLT.DINV.CD.WD,2003,1450000000.0
VNM,BX.KLT.DINV.CD.WD,2004,1610000000.0
VNM,BX.KLT.DINV.CD.WD,2005,1954000000.0
VNM,BX.KLT.DINV.CD.WD,2006,2400000000.0
VNM,BX.KLT.DINV.CD.WD,2007,6700000000.0
VNM,BX.KLT.DINV.CD.WD,2008,9579000000.0
VNM,BX.KLT.DINV.CD.WD,2009,7600000000.0
VNM,BX.KLT.DINV.CD.WD,2010,8000000000.0
VNM,BX.KLT.DINV.CD.WD,2011,7430000000.0
VNM,BX.KLT.DINV.CD.WD,2012,8368000000.0
VNM,BX.KLT.DINV.CD.WD,2013,8900000000.0
VNM,BX.KLT.DINV.CD.WD,2014,9200000000.0
VNM,BX.KLT.DINV.CD.WD,2015,11800000000.0
VNM,BX.KLT.DINV.CD.WD,2016,12600000000.0
VNM,BX.KLT.DINV.CD.WD,2017,14100000000.0
VNM,BX.KLT.DINV.CD.WD,2018,15500000000.0
VNM,BX.KLT.DINV.CD.WD,2019,16120000000.0
VNM,BX.KLT.DINV.CD.WD,2020,15800000000.0
VNM,BX.KLT.DINV.CD.WD,2021,15660000000.0
VNM,BX.KLT.DINV.CD.WD,2022,17900000000.0
VNM,FP.CPI.TOTL.ZG,1996,5.67499999999989
VNM,FP.CPI.TOTL.ZG,1997,3.20952606261374
VNM,FP.CPI.TOTL.ZG,1998,7.26619804400963
VNM,FP.CPI.TOTL.ZG,1999,4.11710235771737
VNM,FP.CPI.TOTL.ZG,2000,-1.71033727851113
VNM,FP.CPI.TOTL.ZG,2001,-0.431544511728152
VNM,FP.CPI.TOTL.ZG,2002,3.83082838168469
VNM,FP.CPI.TOTL.ZG,2003,3.23464817293924
VNM,FP.CPI.TOTL.ZG,2004,7.75494748709602
VNM,FP.CPI.TOTL.ZG,2005,8.2845724312867
VNM,FP.CPI.TOTL.ZG,2006,7.41801715108469
VNM,FP.CPI.TOTL.ZG,2007,8.34444889773838
VNM,FP.CPI.TOTL.ZG,2008,23.1154483474477
VNM,FP.CPI.TOTL.ZG,2009,6.71698269988629
VNM,FP.CPI.TOTL.ZG,2010,9.20746648778418
VNM,FP.CPI.TOTL.ZG,2011,18.6777322770706
VNM,FP.CPI.TOTL.ZG,2012,9.09470339557193
VNM,FP.CPI.TOTL.ZG,2013,6.59267475899191
VNM,FP.CPI.TOTL.ZG,2014,4.08455446637622
VNM,FP.CPI.TOTL.ZG,2015,0.631200905175718
VNM,FP.CPI.TOTL.ZG,2016,2.66824816969083
VNM,FP.CPI.TOTL.ZG,2017,3.52025688811619
VNM,FP.CPI.TOTL.ZG,2018,3.53962805942641
VNM,FP.CPI.TOTL.ZG,2019,2.79582367452244
VNM,FP.CPI.TOTL.ZG,2020,3.22093436652514
VNM,FP.CPI.TOTL.ZG,2021,1.83471554810462
VNM,FP.CPI.TOTL.ZG,2022,3.15650749963111
VNM,NE.EXP.GNFS.CD,1986,1744152761.16778
VNM,NE.EXP.GNFS.CD,1987,2200010145.48288
VNM,NE.EXP.GNFS.CD,1988,1003045229.32543
VNM,NE.EXP.GNFS.CD,1989,1500912820.21919
VNM,NE.EXP.GNFS.CD,1990,2332325664.6457
VNM,NE.EXP.GNFS.CD,1991,2971976968.91977
VNM,NE.EXP.GNFS.CD,1992,3428344546.96676
VNM,NE.EXP.GNFS.CD,1993,3785936655.43334
VNM,NE.EXP.GNFS.CD,1994,5539525589.30177
VNM,NE.EXP.GNFS.CD,1995,6804127645.68145
VNM,NE.EXP.GNFS.CD,1996,10077135261.3214
VNM,NE.EXP.GNFS.CD,1997,11570361483.0546
VNM,NE.EXP.GNFS.CD,1998,12203044875.1131
VNM,NE.EXP.GNFS.CD,1999,14332147613.2359
VNM,NE.EXP.GNFS.CD,2000,16808688578.3564
VNM,NE.EXP.GNFS.CD,2001,17997102361.551
VNM,NE.EXP.GNFS.CD,2002,19193787586.9498
VNM,NE.EXP.GNFS.CD,2003,22415697835.4738
VNM,NE.EXP.GNFS.CD,2004,27134530700.5589
VNM,NE.EXP.GNFS.CD,2005,36712091515.2884
VNM,NE.EXP.GNFS.CD,2006,44944777029.2449
VNM,NE.EXP.GNFS.CD,2007,54591007520.8979
VNM,NE.EXP.GNFS.CD,2008,69724976613.6576
VNM,NE.EXP.GNFS.CD,2009,66374595299.3687
VNM,NE.EXP.GNFS.CD,2010,79747480020.5949
VNM,NE.EXP.GNFS.CD,2011,105593919964.895
VNM,NE.EXP.GNFS.CD,2012,124149068561.552
VNM,NE.EXP.GNFS.CD,2013,142758439655.893
VNM,NE.EXP.GNFS.CD,2014,162478896349.537
VNM,NE.EXP.GNFS.CD,2015,174473995760.124
VNM,NE.EXP.GNFS.CD,2016,190526867619.221
VNM,NE.EXP.GNFS.CD,2017,230041804338.114
VNM,NE.EXP.GNFS.CD,2018,261802606400.747
VNM,NE.EXP.GNFS.CD,2019,284737396462.582
VNM,NE.EXP.GNFS.CD,2020,292479897875.917
VNM,NE.EXP.GNFS.CD,2021,341575805747.425
VNM,NY.GDP.MKTP.CD,1985,14094687820.7445
VNM,NY.GDP.MKTP.CD,1986,26336616250.4397
VNM,NY.GDP.MKTP.CD,1987,36658108850.3148
VNM,NY.GDP.MKTP.CD,1988,25423812648.5941
VNM,NY.GDP.MKTP.CD,1989,6293304974.59403
VNM,NY.GDP.MKTP.CD,1990,6471740805.56984
VNM,NY.GDP.MKTP.CD,1991,9613369520.41885
VNM,NY.GDP.MKTP.CD,1992,9866990236.43587
VNM,NY.GDP.MKTP.CD,1993,13180953598.1716
VNM,NY.GDP.MKTP.CD,1994,16286433533.3228
VNM,NY.GDP.MKTP.CD,1995,20736164458.9505
VNM,NY.GDP.MKTP.CD,1996,24657470574.7501
VNM,NY.GDP.MKTP.CD,1997,26843700441.5482
VNM,NY.GDP.MKTP.CD,1998,27209602050.0452
VNM,NY.GDP.MKTP.CD,1999,28683659006.7752
VNM,NY.GDP.MKTP.CD,2000,31172518403.3162
VNM,NY.GDP.MKTP.CD,2001,32685198809.2947
VNM,NY.GDP.MKTP.CD,2002,35064105500.8344
VNM,NY.GDP.MKTP.CD,2003,39552513231.0669
VNM,NY.GDP.MKTP.CD,2004,45427854693.2554
VNM,NY.GDP.MKTP.CD,2005,57633255739.4104
VNM,NY.GDP.MKTP.CD,2006,66371664817.0436
VNM,NY.GDP.MKTP.CD,2007,77414425532.2452
VNM,NY.GDP.MKTP.CD,2008,99130304099.1274
VNM,NY.GDP.MKTP.CD,2009,106014659563.143
VNM,NY.GDP.MKTP.CD,2010,147201164066.172
VNM,NY.GDP.MKTP.CD,2011,172595034069.162
VNM,NY.GDP.MKTP.CD,2012,195590647205.685
VNM,NY.GDP.MKTP.CD,2013,213708830776.947
VNM,NY.GDP.MKTP.CD,2014,233451484773.974
VNM,NY.GDP.MKTP.CD,2015,239258340825.533
VNM,NY.GDP.MKTP.CD,2016,257096001174.075
VNM,NY.GDP.MKTP.CD,2017,281353626107.245
VNM,NY.GDP.MKTP.CD,2018,310106472642.968
VNM,NY.GDP.MKTP.CD,2019,334365257920.289
VNM,NY.GDP.MKTP.CD,2020,346615750166.553
VNM,NY.GDP.MKTP.CD,2021,366137590717.804
VNM,NY.GDP.MKTP.CD,2022,408802379068.229
VNM,NY.GDP.MKTP.KD.ZG,1985,3.80585566810947
VNM,NY.GDP.MKTP.KD.ZG,1986,2.78929157479443
VNM,NY.GDP.MKTP.KD.ZG,1987,3.5834696313072
VNM,NY.GDP.MKTP.KD.ZG,1988,5.13501167157808
VNM,NY.GDP.MKTP.KD.ZG,1989,7.36451289395819
VNM,NY.GDP.MKTP.KD.ZG,1990,5.10091813908369
VNM,NY.GDP.MKTP.KD.ZG,1991,5.96084393260566
VNM,NY.GDP.MKTP.KD.ZG,1992,8.64604745955573
VNM,NY.GDP.MKTP.KD.ZG,1993,8.07273065712411
VNM,NY.GDP.MKTP.KD.ZG,1994,8.83898095238953
VNM,NY.GDP.MKTP.KD.ZG,1995,9.54048017490756
VNM,NY.GDP.MKTP.KD.ZG,1996,9.34001749598691
VNM,NY.GDP.MKTP.KD.ZG,1997,8.15208414330255
VNM,NY.GDP.MKTP.KD.ZG,1998,5.764455463945
VNM,NY.GDP.MKTP.KD.ZG,1999,4.77358688056979
VNM,NY.GDP.MKTP.KD.ZG,2000,6.78731640822592
VNM,NY.GDP.MKTP.KD.ZG,2001,6.19289331180906
VNM,NY.GDP.MKTP.KD.ZG,2002,6.32082098771673
VNM,NY.GDP.MKTP.KD.ZG,2003,6.89906349173721
VNM,NY.GDP.MKTP.KD.ZG,2004,7.53641061182286
VNM,NY.GDP.MKTP.KD.ZG,2005,7.5472477272256
VNM,NY.GDP.MKTP.KD.ZG,2006,6.97795481183493
VNM,NY.GDP.MKTP.KD.ZG,2007,7.12950448396103
VNM,NY.GDP.MKTP.KD.ZG,2008,5.66177120802571
VNM,NY.GDP.MKTP.KD.ZG,2009,5.39789754276931
VNM,NY.GDP.MKTP.KD.ZG,2010,6.42323821717194
VNM,NY.GDP.MKTP.KD.ZG,2011,6.41317768937854
VNM,NY.GDP.MKTP.KD.ZG,2012,5.50454561980331
VNM,NY.GDP.MKTP.KD.ZG,2013,5.5535002447951
VNM,NY.GDP.MKTP.KD.ZG,2014,6.42224665601026
VNM,NY.GDP.MKTP.KD.ZG,2015,6.98716672377549
VNM,NY.GDP.MKTP.KD.ZG,2016,6.69000921330894
VNM,NY.GDP.MKTP.KD.ZG,2017,6.94018778219049
VNM,NY.GDP.MKTP.KD.ZG,2018,7.464991257446
VNM,NY.GDP.MKTP.KD.ZG,2019,7.3592809998546
VNM,NY.GDP.MKTP.KD.ZG,2020,2.86541194612104
VNM,NY.GDP.MKTP.KD.ZG,2021,2.56155114232494
VNM,NY.GDP.MKTP.KD.ZG,2022,8.01979845814972
VNM,SP.POP.TOTL,1960,32718461.0
VNM,SP.POP.TOTL,1961,33621982.0
VNM,SP.POP.TOTL,1962,34533889.0
VNM,SP.POP.TOTL,1963,35526727.0
VNM,SP.POP.TOTL,1964,36509166.0
VNM,SP.POP.TOTL,1965,37466077.0
VNM,SP.POP.TOTL,1966,38388210.0
VNM,SP.POP.TOTL,1967,39282564.0
VNM,SP.POP.TOTL,1968,40145287.0
VNM,SP.POP.TOTL,1969,41015865.0
VNM,SP.POP.TOTL,1970,41928849.0
VNM,SP.POP.TOTL,1971,42916624.0
VNM,SP.POP.TOTL,1972,43906019.0
VNM,SP.POP.TOTL,1973,44891281.0
VNM,SP.POP.TOTL,1974,45898698.0
VNM,SP.POP.TOTL,1975,46969616.0
VNM,SP.POP.TOTL,1976,48163573.0
VNM,SP.POP.TOTL,1977,49418150.0
VNM,SP.POP.TOTL,1978,50701458.0
VNM,SP.POP.TOTL,1979,51831389.0
VNM,SP.POP.TOTL,1980,52968270.0
VNM,SP.POP.TOTL,1981,54280394.0
VNM,SP.POP.TOTL,1982,55632153.0
VNM,SP.POP.TOTL,1983,57011444.0
VNM,SP.POP.TOTL,1984,58406863.0
VNM,SP.POP.TOTL,1985,59811313.0
VNM,SP.POP.TOTL,1986,61221107.0
VNM,SP.POP.TOTL,1987,62630787.0
VNM,SP.POP.TOTL,1988,64037514.0
VNM,SP.POP.TOTL,1989,65466361.0
VNM,SP.POP.TOTL,1990,66912613.0
VNM,SP.POP.TOTL,1991,68358820.0
VNM,SP.POP.TOTL,1992,69788747.0
VNM,SP.POP.TOTL,1993,71176405.0
VNM,SP.POP.TOTL,1994,72501087.0
VNM,SP.POP.TOTL,1995,73759110.0
VNM,SP.POP.TOTL,1996,74946448.0
VNM,SP.POP.TOTL,1997,76058603.0
VNM,SP.POP.TOTL,1998,77128424.0
VNM,SP.POP.TOTL,1999,78123713.0
VNM,SP.POP.TOTL,2000,79001142.0
VNM,SP.POP.TOTL,2001,79817777.0
VNM,SP.POP.TOTL,2002,80642308.0
VNM,SP.POP.TOTL,2003,81475825.0
VNM,SP.POP.TOTL,2004,82311227.0
VNM,SP.POP.TOTL,2005,83142095.0
VNM,SP.POP.TOTL,2006,83951800.0
VNM,SP.POP.TOTL,2007,84762269.0
VNM,SP.POP.TOTL,2008,85597241.0
VNM,SP.POP.TOTL,2009,86482923.0
VNM,SP.POP.TOTL,2010,87411012.0
VNM,SP.POP.TOTL,2011,88349117.0
VNM,SP.POP.TOTL,2012,89301326.0
VNM,SP.POP.TOTL,2013,90267739.0
VNM,SP.POP.TOTL,2014,91235504.0
VNM,SP.POP.TOTL,2015,92191398.0
VNM,SP.POP.TOTL,2016,93126529.0
VNM,SP.POP.TOTL,2017,94033048.0
VNM,SP.POP.TOTL,2018,94914330.0
VNM,SP.POP.TOTL,2019,95776716.0
VNM,SP.POP.TOTL,2020,96648685.0
VNM,SP.POP.TOTL,2021,97468029.0
VNM,SP.POP.TOTL,2022,98186856.0
